"Oxymax PARAMETER File ","","","","","","","","","","","","","","","","",""
"","","","","","","","","","","","","","","","","",""
"CSV Generation Date","","6/13/2016 9:09:50 AM ","","","","","","","","","","","","","","",""
"Experiment Started","","6/6/2016 1:26:16 PM ","","","","","","","","","","","","","","",""
"Data Filename","","C:\Users\Clams-hwh\Documents\Users\SFO\Ruas\Vicente\2016-06-06\2016-06-06.CDTA","","","","","","","","","","","","","","",""
"","","","","","","","","","","","","","","","","",""
"Group/Cage","","101","","","","","","","","","","","","","","",""
"Subject ID","","G26","","","","","","","","","","","","","","",""
"Subject Mass","","29.61 G","","","","","","","","","","","","","","",""
"","","","","","","","","","","","","","","","","",""
"Group/Cage","","102","","","","","","","","","","","","","","",""
"Subject ID","","G27","","","","","","","","","","","","","","",""
"Subject Mass","","29.09 G","","","","","","","","","","","","","","",""
"","","","","","","","","","","","","","","","","",""
"Group/Cage","","103","","","","","","","","","","","","","","",""
"Subject ID","","G28","","","","","","","","","","","","","","",""
"Subject Mass","","29.91 G","","","","","","","","","","","","","","",""
"","","","","","","","","","","","","","","","","",""
"Group/Cage","","104","","","","","","","","","","","","","","",""
"Subject ID","","G29","","","","","","","","","","","","","","",""
"Subject Mass","","30.32 G","","","","","","","","","","","","","","",""
"","","","","","","","","","","","","","","","","",""
"Group/Cage","","105","","","","","","","","","","","","","","",""
"Subject ID","","G36","","","","","","","","","","","","","","",""
"Subject Mass","","28.2 G","","","","","","","","","","","","","","",""
"","","","","","","","","","","","","","","","","",""
"Group/Cage","","106","","","","","","","","","","","","","","",""
"Subject ID","","G37","","","","","","","","","","","","","","",""
"Subject Mass","","28.09 G","","","","","","","","","","","","","","",""
"","","","","","","","","","","","","","","","","",""
"Group/Cage","","107","","","","","","","","","","","","","","",""
"Subject ID","","G38","","","","","","","","","","","","","","",""
"Subject Mass","","26.79 G","","","","","","","","","","","","","","",""
"","","","","","","","","","","","","","","","","",""
"Group/Cage","","108","","","","","","","","","","","","","","",""
"Subject ID","","G40","","","","","","","","","","","","","","",""
"Subject Mass","","32.35 G","","","","","","","","","","","","","","",""
"","","","","","","","","","","","","","","","","",""
"Reference Settle Time (s)","","90","","","","","","","","","","","","","","",""
"Reference Measure Time (s)","","30","","","","","","","","","","","","","","",""
"Cage Settle Time (s)","","90","","","","","","","","","","","","","","",""
"Cage Measure Time (s)","","30","","","","","","","","","","","","","","",""
"Reference Method","","EVRYNN=4","","","","","","","","","","","","","","",""
"Heat Calculation Method","","STD","","","","","","","","","","","","","","",""
"","","","","","","","","","","","","","","","","",""
"Paramter","","DRINK1 ACC (ml)","","","","","","","","","","","","","","",""
"","","","","","","","","","","","","","","","","",""
"","","","","","","","","","","","","","","","","",""
":DATA","","","","","","","","","","","","","","","","",""
"===============","===============","===============","===============","===============","===============","===============","===============","===============","===============","===============","===============","===============","===============","===============","===============","===============",""
"INTERVAL","CAGE 0101","TIME","TIME","CAGE 0102","TIME","CAGE 0103","TIME","CAGE 0104","TIME","CAGE 0105","TIME","CAGE 0106","TIME","CAGE 0107","TIME","CAGE 0108",""
"===============","===============","===============","===============","===============","===============","===============","===============","===============","===============","===============","===============","===============","===============","===============","===============","===============",""
"1","0","6/6/2016 1:30:25 PM ","6/6/2016 1:32:25 PM ","0","6/6/2016 1:34:25 PM ","0","6/6/2016 1:36:25 PM ","0","6/6/2016 1:40:25 PM ","0","6/6/2016 1:42:25 PM ","0","6/6/2016 1:44:25 PM ","0","6/6/2016 1:46:25 PM ","0",""
"2","0","6/6/2016 1:50:25 PM ","6/6/2016 1:52:25 PM ","0","6/6/2016 1:54:25 PM ","0","6/6/2016 1:56:25 PM ","0","6/6/2016 2:00:25 PM ","0","6/6/2016 2:02:25 PM ","0","6/6/2016 2:04:25 PM ","0","6/6/2016 2:06:25 PM ","0",""
"3","0","6/6/2016 2:10:25 PM ","6/6/2016 2:12:25 PM ","0","6/6/2016 2:14:25 PM ","0","6/6/2016 2:16:25 PM ","0","6/6/2016 2:20:25 PM ","0","6/6/2016 2:22:25 PM ","0","6/6/2016 2:24:25 PM ","0","6/6/2016 2:26:25 PM ","0",""
"4","0","6/6/2016 2:30:25 PM ","6/6/2016 2:32:25 PM ","0","6/6/2016 2:34:25 PM ","0","6/6/2016 2:36:25 PM ","0","6/6/2016 2:40:25 PM ","0","6/6/2016 2:42:25 PM ","0","6/6/2016 2:44:25 PM ","0","6/6/2016 2:46:25 PM ","0",""
"5","0","6/6/2016 2:50:25 PM ","6/6/2016 2:52:25 PM ","0","6/6/2016 2:54:25 PM ","0","6/6/2016 2:56:25 PM ","0","6/6/2016 3:00:25 PM ","0","6/6/2016 3:02:25 PM ","0","6/6/2016 3:04:25 PM ","0","6/6/2016 3:06:25 PM ","0",""
"6","0","6/6/2016 3:10:25 PM ","6/6/2016 3:12:25 PM "," 0.02 ","6/6/2016 3:14:25 PM ","0","6/6/2016 3:16:25 PM ","0","6/6/2016 3:20:25 PM ","0","6/6/2016 3:22:25 PM ","0","6/6/2016 3:24:25 PM ","0","6/6/2016 3:26:25 PM ","0",""
"7","0","6/6/2016 3:30:25 PM ","6/6/2016 3:32:25 PM "," 0.02 ","6/6/2016 3:34:25 PM ","0","6/6/2016 3:36:25 PM ","0","6/6/2016 3:40:25 PM ","0","6/6/2016 3:42:25 PM ","0","6/6/2016 3:44:25 PM ","0","6/6/2016 3:46:25 PM ","0",""
"8","0","6/6/2016 3:50:25 PM ","6/6/2016 3:52:25 PM "," 0.02 ","6/6/2016 3:54:25 PM ","0","6/6/2016 3:56:25 PM ","0","6/6/2016 4:00:25 PM ","0","6/6/2016 4:02:25 PM ","0","6/6/2016 4:04:25 PM ","0","6/6/2016 4:06:25 PM ","0",""
"9","0","6/6/2016 4:10:25 PM ","6/6/2016 4:12:25 PM "," 0.02 ","6/6/2016 4:14:25 PM ","0","6/6/2016 4:16:25 PM ","0","6/6/2016 4:20:25 PM ","0","6/6/2016 4:22:25 PM ","0","6/6/2016 4:24:25 PM ","0","6/6/2016 4:26:25 PM ","0",""
"10","0","6/6/2016 4:30:25 PM ","6/6/2016 4:32:25 PM "," 0.04 ","6/6/2016 4:34:25 PM ","0","6/6/2016 4:36:25 PM ","0","6/6/2016 4:40:25 PM ","0","6/6/2016 4:42:25 PM ","0","6/6/2016 4:44:25 PM ","0","6/6/2016 4:46:25 PM ","0",""
"11","0","6/6/2016 4:50:25 PM ","6/6/2016 4:52:25 PM "," 0.04 ","6/6/2016 4:54:25 PM ","0","6/6/2016 4:56:25 PM ","0","6/6/2016 5:00:25 PM ","0","6/6/2016 5:02:25 PM ","0","6/6/2016 5:04:25 PM ","0","6/6/2016 5:06:25 PM "," 0.02 ",""
"12","0","6/6/2016 5:10:25 PM ","6/6/2016 5:12:25 PM "," 0.04 ","6/6/2016 5:14:25 PM ","0","6/6/2016 5:16:25 PM ","0","6/6/2016 5:20:25 PM ","0","6/6/2016 5:22:25 PM ","0","6/6/2016 5:24:25 PM ","0","6/6/2016 5:26:25 PM "," 0.02 ",""
"13","0","6/6/2016 5:30:25 PM ","6/6/2016 5:32:25 PM "," 0.04 ","6/6/2016 5:34:25 PM ","0","6/6/2016 5:36:25 PM ","0","6/6/2016 5:40:25 PM ","0","6/6/2016 5:42:25 PM ","0","6/6/2016 5:44:25 PM ","0","6/6/2016 5:46:25 PM "," 0.02 ",""
"14","0","6/6/2016 5:50:25 PM ","6/6/2016 5:52:25 PM "," 0.04 ","6/6/2016 5:54:25 PM ","0","6/6/2016 5:56:25 PM ","0","6/6/2016 6:00:25 PM ","0","6/6/2016 6:02:25 PM ","0","6/6/2016 6:04:25 PM ","0","6/6/2016 6:06:25 PM "," 0.02 ",""
"15","0","6/6/2016 6:10:25 PM ","6/6/2016 6:12:25 PM "," 0.04 ","6/6/2016 6:14:25 PM ","0","6/6/2016 6:16:25 PM ","0","6/6/2016 6:20:25 PM ","0","6/6/2016 6:22:25 PM "," 0.06 ","6/6/2016 6:24:25 PM ","0","6/6/2016 6:26:25 PM "," 0.02 ",""
"16","0","6/6/2016 6:30:25 PM ","6/6/2016 6:32:25 PM "," 0.04 ","6/6/2016 6:34:25 PM ","0","6/6/2016 6:36:25 PM ","0","6/6/2016 6:40:25 PM ","0","6/6/2016 6:42:25 PM "," 0.06 ","6/6/2016 6:44:25 PM ","0","6/6/2016 6:46:25 PM "," 0.04 ",""
"17","0","6/6/2016 6:50:25 PM ","6/6/2016 6:52:25 PM "," 0.06 ","6/6/2016 6:54:25 PM ","0","6/6/2016 6:56:25 PM ","0","6/6/2016 7:00:25 PM ","0","6/6/2016 7:02:25 PM "," 0.06 ","6/6/2016 7:04:25 PM ","0","6/6/2016 7:06:25 PM "," 0.04 ",""
"18","0","6/6/2016 7:10:25 PM ","6/6/2016 7:12:25 PM "," 0.16 ","6/6/2016 7:14:25 PM ","0","6/6/2016 7:16:25 PM ","0","6/6/2016 7:20:25 PM ","0","6/6/2016 7:22:25 PM "," 0.06 ","6/6/2016 7:24:25 PM ","0","6/6/2016 7:26:25 PM "," 0.04 ",""
"19","0","6/6/2016 7:30:25 PM ","6/6/2016 7:32:25 PM "," 0.18 ","6/6/2016 7:34:25 PM ","0","6/6/2016 7:36:25 PM ","0","6/6/2016 7:40:25 PM ","0","6/6/2016 7:42:25 PM "," 0.06 ","6/6/2016 7:44:25 PM ","0","6/6/2016 7:46:25 PM "," 0.06 ",""
"20","0","6/6/2016 7:50:25 PM ","6/6/2016 7:52:25 PM "," 0.18 ","6/6/2016 7:54:25 PM ","0","6/6/2016 7:56:25 PM ","0","6/6/2016 8:00:25 PM ","0","6/6/2016 8:02:25 PM "," 0.08 ","6/6/2016 8:04:25 PM ","0","6/6/2016 8:06:25 PM "," 0.06 ",""
"21","0","6/6/2016 8:10:25 PM ","6/6/2016 8:12:25 PM "," 0.22 ","6/6/2016 8:14:25 PM ","0","6/6/2016 8:16:25 PM ","0","6/6/2016 8:20:25 PM ","0","6/6/2016 8:22:25 PM "," 0.08 ","6/6/2016 8:24:25 PM ","0","6/6/2016 8:26:25 PM "," 0.06 ",""
"22","0","6/6/2016 8:30:25 PM ","6/6/2016 8:32:25 PM "," 0.3 ","6/6/2016 8:34:25 PM ","0","6/6/2016 8:36:25 PM ","0","6/6/2016 8:40:25 PM ","0","6/6/2016 8:42:25 PM "," 9.999999E-02 ","6/6/2016 8:44:25 PM ","0","6/6/2016 8:46:25 PM "," 0.08 ",""
"23","0","6/6/2016 8:50:25 PM ","6/6/2016 8:52:25 PM "," 0.3 ","6/6/2016 8:54:25 PM ","0","6/6/2016 8:56:25 PM "," 0.08 ","6/6/2016 9:00:25 PM ","0","6/6/2016 9:02:25 PM "," 0.12 ","6/6/2016 9:04:25 PM ","0","6/6/2016 9:06:25 PM "," 0.08 ",""
"24","0","6/6/2016 9:10:25 PM ","6/6/2016 9:12:25 PM "," 0.38 ","6/6/2016 9:14:25 PM ","0","6/6/2016 9:16:25 PM "," 9.999999E-02 ","6/6/2016 9:20:25 PM ","0","6/6/2016 9:22:25 PM "," 0.2 ","6/6/2016 9:24:25 PM ","0","6/6/2016 9:26:25 PM "," 9.999999E-02 ",""
"25","0","6/6/2016 9:30:25 PM ","6/6/2016 9:32:25 PM "," 0.4 ","6/6/2016 9:34:25 PM ","0","6/6/2016 9:36:25 PM "," 0.24 ","6/6/2016 9:40:25 PM ","0","6/6/2016 9:42:25 PM "," 0.2 ","6/6/2016 9:44:25 PM ","0","6/6/2016 9:46:25 PM "," 9.999999E-02 ",""
"26","0","6/6/2016 9:50:25 PM ","6/6/2016 9:52:25 PM "," 0.4 ","6/6/2016 9:54:25 PM ","0","6/6/2016 9:56:25 PM "," 0.34 ","6/6/2016 10:00:25 PM ","0","6/6/2016 10:02:25 PM "," 0.24 ","6/6/2016 10:04:25 PM ","0","6/6/2016 10:06:25 PM "," 0.18 ",""
"27"," 0.06 ","6/6/2016 10:10:25 PM ","6/6/2016 10:12:25 PM "," 0.4 ","6/6/2016 10:14:25 PM ","0","6/6/2016 10:16:25 PM "," 0.38 ","6/6/2016 10:20:25 PM "," 0.02 ","6/6/2016 10:22:25 PM "," 0.3 ","6/6/2016 10:24:25 PM ","0","6/6/2016 10:26:25 PM "," 0.24 ",""
"28"," 9.999999E-02 ","6/6/2016 10:30:25 PM ","6/6/2016 10:32:25 PM "," 0.52 ","6/6/2016 10:34:25 PM ","0","6/6/2016 10:36:25 PM "," 0.42 ","6/6/2016 10:40:25 PM "," 0.04 ","6/6/2016 10:42:25 PM "," 0.3 ","6/6/2016 10:44:25 PM "," 0.1 ","6/6/2016 10:46:25 PM "," 0.28 ",""
"29"," 0.12 ","6/6/2016 10:50:25 PM ","6/6/2016 10:52:25 PM "," 0.56 ","6/6/2016 10:54:25 PM "," 0.06 ","6/6/2016 10:56:25 PM "," 0.52 ","6/6/2016 11:00:25 PM "," 0.06 ","6/6/2016 11:02:25 PM "," 0.36 ","6/6/2016 11:04:25 PM "," 0.14 ","6/6/2016 11:06:25 PM "," 0.36 ",""
"30"," 0.14 ","6/6/2016 11:10:25 PM ","6/6/2016 11:12:25 PM "," 0.6 ","6/6/2016 11:14:25 PM "," 0.06 ","6/6/2016 11:16:25 PM "," 0.56 ","6/6/2016 11:20:25 PM "," 9.999999E-02 ","6/6/2016 11:22:25 PM "," 0.42 ","6/6/2016 11:24:25 PM "," 0.18 ","6/6/2016 11:26:25 PM "," 0.44 ",""
"31"," 0.14 ","6/6/2016 11:30:25 PM ","6/6/2016 11:32:25 PM "," 0.6 ","6/6/2016 11:34:25 PM "," 0.06 ","6/6/2016 11:36:25 PM "," 0.58 ","6/6/2016 11:40:25 PM "," 0.14 ","6/6/2016 11:42:25 PM "," 0.48 ","6/6/2016 11:44:25 PM "," 0.22 ","6/6/2016 11:46:25 PM "," 0.44 ",""
"32"," 0.16 ","6/6/2016 11:50:25 PM ","6/6/2016 11:52:25 PM "," 0.6 ","6/6/2016 11:54:25 PM "," 0.06 ","6/6/2016 11:56:25 PM "," 0.66 ","6/7/2016 12:00:25 AM "," 0.14 ","6/7/2016 12:02:25 AM "," 0.52 ","6/7/2016 12:04:25 AM "," 0.3 ","6/7/2016 12:06:25 AM "," 0.44 ",""
"33"," 0.2 ","6/7/2016 12:10:25 AM ","6/7/2016 12:12:25 AM "," 0.68 ","6/7/2016 12:14:25 AM "," 0.06 ","6/7/2016 12:16:25 AM "," 0.72 ","6/7/2016 12:20:25 AM "," 0.2 ","6/7/2016 12:22:25 AM "," 0.52 ","6/7/2016 12:24:25 AM "," 0.36 ","6/7/2016 12:26:25 AM "," 0.52 ",""
"34"," 0.2 ","6/7/2016 12:30:25 AM ","6/7/2016 12:32:25 AM "," 0.68 ","6/7/2016 12:34:25 AM "," 0.12 ","6/7/2016 12:36:25 AM "," 0.72 ","6/7/2016 12:40:25 AM "," 0.2 ","6/7/2016 12:42:25 AM "," 0.52 ","6/7/2016 12:44:25 AM "," 0.42 ","6/7/2016 12:46:25 AM "," 0.58 ",""
"35"," 0.26 ","6/7/2016 12:50:25 AM ","6/7/2016 12:52:25 AM "," 0.68 ","6/7/2016 12:54:25 AM "," 0.12 ","6/7/2016 12:56:25 AM "," 0.78 ","6/7/2016 1:00:25 AM "," 0.22 ","6/7/2016 1:02:25 AM "," 0.54 ","6/7/2016 1:04:25 AM "," 0.52 ","6/7/2016 1:06:25 AM "," 0.6 ",""
"36"," 0.32 ","6/7/2016 1:10:25 AM ","6/7/2016 1:12:25 AM "," 0.76 ","6/7/2016 1:14:25 AM "," 0.12 ","6/7/2016 1:16:25 AM "," 0.8 ","6/7/2016 1:20:25 AM "," 0.22 ","6/7/2016 1:22:25 AM "," 0.54 ","6/7/2016 1:24:25 AM "," 0.5600001 ","6/7/2016 1:26:25 AM "," 0.6 ",""
"37"," 0.32 ","6/7/2016 1:30:25 AM ","6/7/2016 1:32:25 AM "," 0.78 ","6/7/2016 1:34:25 AM "," 0.14 ","6/7/2016 1:36:25 AM "," 0.8199999 ","6/7/2016 1:40:25 AM "," 0.28 ","6/7/2016 1:42:25 AM "," 0.6 ","6/7/2016 1:44:25 AM "," 0.58 ","6/7/2016 1:46:25 AM "," 0.7 ",""
"38"," 0.34 ","6/7/2016 1:50:25 AM ","6/7/2016 1:52:25 AM "," 0.78 ","6/7/2016 1:54:25 AM "," 0.22 ","6/7/2016 1:56:25 AM "," 0.8199999 ","6/7/2016 2:00:25 AM "," 0.28 ","6/7/2016 2:02:25 AM "," 0.6 ","6/7/2016 2:04:25 AM "," 0.66 ","6/7/2016 2:06:25 AM "," 0.7 ",""
"39"," 0.34 ","6/7/2016 2:10:25 AM ","6/7/2016 2:12:25 AM "," 0.78 ","6/7/2016 2:14:25 AM "," 0.24 ","6/7/2016 2:16:25 AM "," 0.8799999 ","6/7/2016 2:20:25 AM "," 0.32 ","6/7/2016 2:22:25 AM "," 0.66 ","6/7/2016 2:24:25 AM "," 0.66 ","6/7/2016 2:26:25 AM "," 0.7 ",""
"40"," 0.44 ","6/7/2016 2:30:25 AM ","6/7/2016 2:32:25 AM "," 0.92 ","6/7/2016 2:34:25 AM "," 0.36 ","6/7/2016 2:36:25 AM "," 0.92 ","6/7/2016 2:40:25 AM "," 0.34 ","6/7/2016 2:42:25 AM "," 0.66 ","6/7/2016 2:44:25 AM "," 0.66 ","6/7/2016 2:46:25 AM "," 0.76 ",""
"41"," 0.48 ","6/7/2016 2:50:25 AM ","6/7/2016 2:52:25 AM "," 0.92 ","6/7/2016 2:54:25 AM "," 0.38 ","6/7/2016 2:56:25 AM "," 0.92 ","6/7/2016 3:00:25 AM "," 0.38 ","6/7/2016 3:02:25 AM "," 0.66 ","6/7/2016 3:04:25 AM "," 0.66 ","6/7/2016 3:06:25 AM "," 0.76 ",""
"42"," 0.5 ","6/7/2016 3:10:25 AM ","6/7/2016 3:12:25 AM "," 0.92 ","6/7/2016 3:14:25 AM "," 0.38 ","6/7/2016 3:16:25 AM "," 0.96 ","6/7/2016 3:20:25 AM "," 0.38 ","6/7/2016 3:22:25 AM "," 0.66 ","6/7/2016 3:24:25 AM "," 0.7 ","6/7/2016 3:26:25 AM "," 0.78 ",""
"43"," 0.52 ","6/7/2016 3:30:25 AM ","6/7/2016 3:32:25 AM "," 0.92 ","6/7/2016 3:34:25 AM "," 0.38 ","6/7/2016 3:36:25 AM "," 0.96 ","6/7/2016 3:40:25 AM "," 0.4 ","6/7/2016 3:42:25 AM "," 0.66 ","6/7/2016 3:44:25 AM "," 0.7 ","6/7/2016 3:46:25 AM "," 0.78 ",""
"44"," 0.54 ","6/7/2016 3:50:25 AM ","6/7/2016 3:52:25 AM "," 0.9999999 ","6/7/2016 3:54:25 AM "," 0.38 ","6/7/2016 3:56:25 AM "," 1.02 ","6/7/2016 4:00:25 AM "," 0.4 ","6/7/2016 4:02:25 AM "," 0.66 ","6/7/2016 4:04:25 AM "," 0.7 ","6/7/2016 4:06:25 AM "," 0.78 ",""
"45"," 0.54 ","6/7/2016 4:10:25 AM ","6/7/2016 4:12:25 AM "," 1.06 ","6/7/2016 4:14:25 AM "," 0.52 ","6/7/2016 4:16:25 AM "," 1.04 ","6/7/2016 4:20:25 AM "," 0.4 ","6/7/2016 4:22:25 AM "," 0.66 ","6/7/2016 4:24:25 AM "," 0.7 ","6/7/2016 4:26:25 AM "," 0.8 ",""
"46"," 0.5599999 ","6/7/2016 4:30:25 AM ","6/7/2016 4:32:25 AM "," 1.08 ","6/7/2016 4:34:25 AM "," 0.6 ","6/7/2016 4:36:25 AM "," 1.04 ","6/7/2016 4:40:25 AM "," 0.42 ","6/7/2016 4:42:25 AM "," 0.66 ","6/7/2016 4:44:25 AM "," 0.78 ","6/7/2016 4:46:25 AM "," 0.8799999 ",""
"47"," 0.6199999 ","6/7/2016 4:50:25 AM ","6/7/2016 4:52:25 AM "," 1.08 ","6/7/2016 4:54:25 AM "," 0.6 ","6/7/2016 4:56:25 AM "," 1.1 ","6/7/2016 5:00:25 AM "," 0.48 ","6/7/2016 5:02:25 AM "," 0.76 ","6/7/2016 5:04:25 AM "," 0.78 ","6/7/2016 5:06:25 AM "," 0.9399999 ",""
"48"," 0.6399999 ","6/7/2016 5:10:25 AM ","6/7/2016 5:12:25 AM "," 1.08 ","6/7/2016 5:14:25 AM "," 0.6 ","6/7/2016 5:16:25 AM "," 1.18 ","6/7/2016 5:20:25 AM "," 0.5 ","6/7/2016 5:22:25 AM "," 0.76 ","6/7/2016 5:24:25 AM "," 0.78 ","6/7/2016 5:26:25 AM "," 0.9399999 ",""
"49"," 0.6999999 ","6/7/2016 5:30:25 AM ","6/7/2016 5:32:25 AM "," 1.2 ","6/7/2016 5:34:25 AM "," 0.72 ","6/7/2016 5:36:25 AM "," 1.18 ","6/7/2016 5:40:25 AM "," 0.54 ","6/7/2016 5:42:25 AM "," 0.78 ","6/7/2016 5:44:25 AM "," 0.9400001 ","6/7/2016 5:46:25 AM "," 1.04 ",""
"50"," 0.7399999 ","6/7/2016 5:50:25 AM ","6/7/2016 5:52:25 AM "," 1.26 ","6/7/2016 5:54:25 AM "," 0.72 ","6/7/2016 5:56:25 AM "," 1.26 ","6/7/2016 6:00:25 AM "," 0.58 ","6/7/2016 6:02:25 AM "," 0.78 ","6/7/2016 6:04:25 AM ","1","6/7/2016 6:06:25 AM "," 1.08 ",""
"51"," 0.7599999 ","6/7/2016 6:10:25 AM ","6/7/2016 6:12:25 AM "," 1.28 ","6/7/2016 6:14:25 AM "," 0.78 ","6/7/2016 6:16:25 AM "," 1.28 ","6/7/2016 6:20:25 AM "," 0.58 ","6/7/2016 6:22:25 AM "," 0.82 ","6/7/2016 6:24:25 AM ","1","6/7/2016 6:26:25 AM "," 1.1 ",""
"52"," 0.7599999 ","6/7/2016 6:30:25 AM ","6/7/2016 6:32:25 AM "," 1.36 ","6/7/2016 6:34:25 AM "," 0.8 ","6/7/2016 6:36:25 AM "," 1.28 ","6/7/2016 6:40:25 AM "," 0.6200001 ","6/7/2016 6:42:25 AM "," 0.88 ","6/7/2016 6:44:25 AM "," 1.08 ","6/7/2016 6:46:25 AM "," 1.12 ",""
"53"," 0.8399999 ","6/7/2016 6:50:25 AM ","6/7/2016 6:52:25 AM "," 1.36 ","6/7/2016 6:54:25 AM "," 0.8 ","6/7/2016 6:56:25 AM "," 1.32 ","6/7/2016 7:00:25 AM "," 0.6200001 ","6/7/2016 7:02:25 AM "," 0.88 ","6/7/2016 7:04:25 AM "," 1.08 ","6/7/2016 7:06:25 AM "," 1.12 ",""
"54"," 0.8399999 ","6/7/2016 7:10:25 AM ","6/7/2016 7:12:25 AM "," 1.36 ","6/7/2016 7:14:25 AM "," 0.8 ","6/7/2016 7:16:25 AM "," 1.32 ","6/7/2016 7:20:25 AM "," 0.64 ","6/7/2016 7:22:25 AM "," 0.88 ","6/7/2016 7:24:25 AM "," 1.08 ","6/7/2016 7:26:25 AM "," 1.16 ",""
"55"," 0.8399999 ","6/7/2016 7:30:25 AM ","6/7/2016 7:32:25 AM "," 1.36 ","6/7/2016 7:34:25 AM "," 0.84 ","6/7/2016 7:36:25 AM "," 1.36 ","6/7/2016 7:40:25 AM "," 0.66 ","6/7/2016 7:42:25 AM "," 0.88 ","6/7/2016 7:44:25 AM "," 1.08 ","6/7/2016 7:46:25 AM "," 1.2 ",""
"56"," 0.8599999 ","6/7/2016 7:50:25 AM ","6/7/2016 7:52:25 AM "," 1.36 ","6/7/2016 7:54:25 AM "," 0.88 ","6/7/2016 7:56:25 AM "," 1.38 ","6/7/2016 8:00:25 AM "," 0.66 ","6/7/2016 8:02:25 AM "," 0.88 ","6/7/2016 8:04:25 AM "," 1.08 ","6/7/2016 8:06:25 AM "," 1.2 ",""
"57"," 0.8999999 ","6/7/2016 8:10:25 AM ","6/7/2016 8:12:25 AM "," 1.44 ","6/7/2016 8:14:25 AM "," 0.88 ","6/7/2016 8:16:25 AM "," 1.38 ","6/7/2016 8:20:25 AM "," 0.66 ","6/7/2016 8:22:25 AM "," 0.88 ","6/7/2016 8:24:25 AM "," 1.08 ","6/7/2016 8:26:25 AM "," 1.22 ",""
"58"," 0.8999999 ","6/7/2016 8:30:25 AM ","6/7/2016 8:32:25 AM "," 1.44 ","6/7/2016 8:34:25 AM "," 0.88 ","6/7/2016 8:36:25 AM "," 1.38 ","6/7/2016 8:40:25 AM "," 0.66 ","6/7/2016 8:42:25 AM "," 0.94 ","6/7/2016 8:44:25 AM "," 1.08 ","6/7/2016 8:46:25 AM "," 1.26 ",""
"59"," 0.8999999 ","6/7/2016 8:50:25 AM ","6/7/2016 8:52:25 AM "," 1.44 ","6/7/2016 8:54:25 AM "," 0.88 ","6/7/2016 8:56:25 AM "," 1.4 ","6/7/2016 9:00:25 AM "," 0.68 ","6/7/2016 9:02:25 AM "," 0.94 ","6/7/2016 9:04:25 AM "," 1.08 ","6/7/2016 9:06:25 AM "," 1.26 ",""
"60"," 0.8999999 ","6/7/2016 9:10:25 AM ","6/7/2016 9:12:25 AM "," 1.44 ","6/7/2016 9:14:25 AM "," 0.88 ","6/7/2016 9:16:25 AM "," 1.4 ","6/7/2016 9:20:25 AM "," 0.68 ","6/7/2016 9:22:25 AM "," 0.94 ","6/7/2016 9:24:25 AM "," 1.08 ","6/7/2016 9:26:25 AM "," 1.28 ",""
"61"," 0.8999999 ","6/7/2016 9:30:25 AM ","6/7/2016 9:32:25 AM "," 1.44 ","6/7/2016 9:34:25 AM "," 0.88 ","6/7/2016 9:36:25 AM "," 1.4 ","6/7/2016 9:40:25 AM "," 0.68 ","6/7/2016 9:42:25 AM "," 0.94 ","6/7/2016 9:44:25 AM "," 1.08 ","6/7/2016 9:46:25 AM "," 1.28 ",""
"62"," 0.9199999 ","6/7/2016 9:50:25 AM ","6/7/2016 9:52:25 AM "," 1.44 ","6/7/2016 9:54:25 AM "," 0.88 ","6/7/2016 9:56:25 AM "," 1.4 ","6/7/2016 10:00:25 AM "," 0.68 ","6/7/2016 10:02:25 AM "," 0.94 ","6/7/2016 10:04:25 AM "," 1.16 ","6/7/2016 10:06:25 AM "," 1.28 ",""
"63"," 0.9399999 ","6/7/2016 10:10:25 AM ","6/7/2016 10:12:25 AM "," 1.46 ","6/7/2016 10:14:25 AM "," 0.88 ","6/7/2016 10:16:25 AM "," 1.42 ","6/7/2016 10:20:25 AM "," 0.68 ","6/7/2016 10:22:25 AM "," 0.94 ","6/7/2016 10:24:25 AM "," 1.16 ","6/7/2016 10:26:25 AM "," 1.3 ",""
"64"," 0.9399999 ","6/7/2016 10:30:25 AM ","6/7/2016 10:32:25 AM "," 1.52 ","6/7/2016 10:34:25 AM "," 0.88 ","6/7/2016 10:36:25 AM "," 1.42 ","6/7/2016 10:40:25 AM "," 0.68 ","6/7/2016 10:42:25 AM "," 0.94 ","6/7/2016 10:44:25 AM "," 1.16 ","6/7/2016 10:46:25 AM "," 1.3 ",""
"65"," 0.9599999 ","6/7/2016 10:50:25 AM ","6/7/2016 10:52:25 AM "," 1.52 ","6/7/2016 10:54:25 AM "," 0.88 ","6/7/2016 10:56:25 AM "," 1.42 ","6/7/2016 11:00:25 AM "," 0.7 ","6/7/2016 11:02:25 AM "," 0.94 ","6/7/2016 11:04:25 AM "," 1.16 ","6/7/2016 11:06:25 AM "," 1.3 ",""
"66"," 0.9799998 ","6/7/2016 11:10:25 AM ","6/7/2016 11:12:25 AM "," 1.52 ","6/7/2016 11:14:25 AM "," 0.88 ","6/7/2016 11:16:25 AM "," 1.44 ","6/7/2016 11:20:25 AM "," 0.7 ","6/7/2016 11:22:25 AM "," 0.94 ","6/7/2016 11:24:25 AM "," 1.2 ","6/7/2016 11:26:25 AM "," 1.32 ",""
"67"," 0.9799998 ","6/7/2016 11:30:25 AM ","6/7/2016 11:32:25 AM "," 1.56 ","6/7/2016 11:34:25 AM "," 0.96 ","6/7/2016 11:36:25 AM "," 1.48 ","6/7/2016 11:40:25 AM "," 0.7 ","6/7/2016 11:42:25 AM "," 0.96 ","6/7/2016 11:44:25 AM "," 1.22 ","6/7/2016 11:46:25 AM "," 1.32 ",""
"68"," 0.9999998 ","6/7/2016 11:50:25 AM ","6/7/2016 11:52:25 AM "," 1.56 ","6/7/2016 11:54:25 AM "," 0.96 ","6/7/2016 11:56:25 AM "," 1.48 ","6/7/2016 12:00:25 PM "," 0.7 ","6/7/2016 12:02:25 PM "," 0.96 ","6/7/2016 12:04:25 PM "," 1.22 ","6/7/2016 12:06:25 PM "," 1.32 ",""
"69"," 0.9999998 ","6/7/2016 12:10:25 PM ","6/7/2016 12:12:25 PM "," 1.56 ","6/7/2016 12:14:25 PM "," 0.96 ","6/7/2016 12:16:25 PM "," 1.5 ","6/7/2016 12:20:25 PM "," 0.7 ","6/7/2016 12:22:25 PM "," 0.96 ","6/7/2016 12:24:25 PM "," 1.22 ","6/7/2016 12:26:25 PM "," 1.4 ",""
"70"," 0.9999998 ","6/7/2016 12:30:25 PM ","6/7/2016 12:32:25 PM "," 1.62 ","6/7/2016 12:34:25 PM "," 0.98 ","6/7/2016 12:36:25 PM "," 1.5 ","6/7/2016 12:40:25 PM "," 0.7 ","6/7/2016 12:42:25 PM "," 0.96 ","6/7/2016 12:44:25 PM "," 1.22 ","6/7/2016 12:46:25 PM "," 1.4 ",""
"71"," 1.06 ","6/7/2016 12:50:25 PM ","6/7/2016 12:52:25 PM "," 1.64 ","6/7/2016 12:54:25 PM "," 0.98 ","6/7/2016 12:56:25 PM "," 1.5 ","6/7/2016 1:00:25 PM "," 0.7 ","6/7/2016 1:02:25 PM "," 0.96 ","6/7/2016 1:04:25 PM "," 1.22 ","6/7/2016 1:06:25 PM "," 1.42 ",""
"72"," 1.08 ","6/7/2016 1:10:25 PM ","6/7/2016 1:12:25 PM "," 1.64 ","6/7/2016 1:14:25 PM "," 0.98 ","6/7/2016 1:16:25 PM "," 1.5 ","6/7/2016 1:20:25 PM "," 0.72 ","6/7/2016 1:22:25 PM "," 0.96 ","6/7/2016 1:24:25 PM "," 1.22 ","6/7/2016 1:26:25 PM "," 1.42 ",""
"73"," 1.08 ","6/7/2016 1:30:25 PM ","6/7/2016 1:32:25 PM "," 1.66 ","6/7/2016 1:34:25 PM "," 0.98 ","6/7/2016 1:36:25 PM "," 1.5 ","6/7/2016 1:40:25 PM "," 0.72 ","6/7/2016 1:42:25 PM "," 0.96 ","6/7/2016 1:44:25 PM "," 1.22 ","6/7/2016 1:46:25 PM "," 1.42 ",""
"74"," 1.08 ","6/7/2016 1:50:25 PM ","6/7/2016 1:52:25 PM "," 1.66 ","6/7/2016 1:54:25 PM "," 0.98 ","6/7/2016 1:56:25 PM "," 1.5 ","6/7/2016 2:00:25 PM "," 0.7399999 ","6/7/2016 2:02:25 PM "," 0.98 ","6/7/2016 2:04:25 PM "," 1.22 ","6/7/2016 2:06:25 PM "," 1.42 ",""
"75"," 1.1 ","6/7/2016 2:10:25 PM ","6/7/2016 2:12:25 PM "," 1.7 ","6/7/2016 2:14:25 PM "," 0.98 ","6/7/2016 2:16:25 PM "," 1.5 ","6/7/2016 2:20:25 PM "," 0.7399999 ","6/7/2016 2:22:25 PM "," 0.98 ","6/7/2016 2:24:25 PM "," 1.26 ","6/7/2016 2:26:25 PM "," 1.44 ",""
"76"," 1.1 ","6/7/2016 2:30:25 PM ","6/7/2016 2:32:25 PM "," 1.7 ","6/7/2016 2:34:25 PM "," 0.98 ","6/7/2016 2:36:25 PM "," 1.52 ","6/7/2016 2:40:25 PM "," 0.7399999 ","6/7/2016 2:42:25 PM "," 0.9999999 ","6/7/2016 2:44:25 PM "," 1.26 ","6/7/2016 2:46:25 PM "," 1.44 ",""
"77"," 1.1 ","6/7/2016 2:50:25 PM ","6/7/2016 2:52:25 PM "," 1.7 ","6/7/2016 2:54:25 PM "," 0.98 ","6/7/2016 2:56:25 PM "," 1.52 ","6/7/2016 3:00:25 PM "," 0.7399999 ","6/7/2016 3:02:25 PM "," 0.9999999 ","6/7/2016 3:04:25 PM "," 1.26 ","6/7/2016 3:06:25 PM "," 1.48 ",""
"78"," 1.1 ","6/7/2016 3:10:25 PM ","6/7/2016 3:12:25 PM "," 1.7 ","6/7/2016 3:14:25 PM "," 0.98 ","6/7/2016 3:16:25 PM "," 1.52 ","6/7/2016 3:20:25 PM "," 0.7399999 ","6/7/2016 3:22:25 PM "," 0.9999999 ","6/7/2016 3:24:25 PM "," 1.32 ","6/7/2016 3:26:25 PM "," 1.48 ",""
"79"," 1.16 ","6/7/2016 3:30:25 PM ","6/7/2016 3:32:25 PM "," 1.74 ","6/7/2016 3:34:25 PM "," 0.9999999 ","6/7/2016 3:36:25 PM "," 1.52 ","6/7/2016 3:40:25 PM "," 0.7399999 ","6/7/2016 3:42:25 PM "," 0.9999999 ","6/7/2016 3:44:25 PM "," 1.32 ","6/7/2016 3:46:25 PM "," 1.5 ",""
"80"," 1.16 ","6/7/2016 3:50:25 PM ","6/7/2016 3:52:25 PM "," 1.74 ","6/7/2016 3:54:25 PM "," 0.9999999 ","6/7/2016 3:56:25 PM "," 1.52 ","6/7/2016 4:00:25 PM "," 0.7399999 ","6/7/2016 4:02:25 PM "," 0.9999999 ","6/7/2016 4:04:25 PM "," 1.32 ","6/7/2016 4:06:25 PM "," 1.5 ",""
"81"," 1.16 ","6/7/2016 4:10:25 PM ","6/7/2016 4:12:25 PM "," 1.74 ","6/7/2016 4:14:25 PM "," 1.06 ","6/7/2016 4:16:25 PM "," 1.52 ","6/7/2016 4:20:25 PM "," 0.7399999 ","6/7/2016 4:22:25 PM "," 1.02 ","6/7/2016 4:24:25 PM "," 1.32 ","6/7/2016 4:26:25 PM "," 1.5 ",""
"82"," 1.2 ","6/7/2016 4:30:25 PM ","6/7/2016 4:32:25 PM "," 1.74 ","6/7/2016 4:34:25 PM "," 1.06 ","6/7/2016 4:36:25 PM "," 1.54 ","6/7/2016 4:40:25 PM "," 0.7599999 ","6/7/2016 4:42:25 PM "," 1.02 ","6/7/2016 4:44:25 PM "," 1.32 ","6/7/2016 4:46:25 PM "," 1.52 ",""
"83"," 1.2 ","6/7/2016 4:50:25 PM ","6/7/2016 4:52:25 PM "," 1.74 ","6/7/2016 4:54:25 PM "," 1.06 ","6/7/2016 4:56:25 PM "," 1.54 ","6/7/2016 5:00:25 PM "," 0.7599999 ","6/7/2016 5:02:25 PM "," 1.02 ","6/7/2016 5:04:25 PM "," 1.32 ","6/7/2016 5:06:25 PM "," 1.52 ",""
"84"," 1.2 ","6/7/2016 5:10:25 PM ","6/7/2016 5:12:25 PM "," 1.76 ","6/7/2016 5:14:25 PM "," 1.06 ","6/7/2016 5:16:25 PM "," 1.54 ","6/7/2016 5:20:25 PM "," 0.7599999 ","6/7/2016 5:22:25 PM "," 1.04 ","6/7/2016 5:24:25 PM "," 1.32 ","6/7/2016 5:26:25 PM "," 1.52 ",""
"85"," 1.24 ","6/7/2016 5:30:25 PM ","6/7/2016 5:32:25 PM "," 1.8 ","6/7/2016 5:34:25 PM "," 1.06 ","6/7/2016 5:36:25 PM "," 1.54 ","6/7/2016 5:40:25 PM "," 0.7599999 ","6/7/2016 5:42:25 PM "," 1.04 ","6/7/2016 5:44:25 PM "," 1.32 ","6/7/2016 5:46:25 PM "," 1.58 ",""
"86"," 1.24 ","6/7/2016 5:50:25 PM ","6/7/2016 5:52:25 PM "," 1.82 ","6/7/2016 5:54:25 PM "," 1.06 ","6/7/2016 5:56:25 PM "," 1.54 ","6/7/2016 6:00:25 PM "," 0.7599999 ","6/7/2016 6:02:25 PM "," 1.04 ","6/7/2016 6:04:25 PM "," 1.36 ","6/7/2016 6:06:25 PM "," 1.6 ",""
"87"," 1.26 ","6/7/2016 6:10:25 PM ","6/7/2016 6:12:25 PM "," 1.82 ","6/7/2016 6:14:25 PM "," 1.08 ","6/7/2016 6:16:25 PM "," 1.54 ","6/7/2016 6:20:25 PM "," 0.7599999 ","6/7/2016 6:22:25 PM "," 1.04 ","6/7/2016 6:24:25 PM "," 1.36 ","6/7/2016 6:26:25 PM "," 1.6 ",""
"88"," 1.32 ","6/7/2016 6:30:25 PM ","6/7/2016 6:32:25 PM "," 1.84 ","6/7/2016 6:34:25 PM "," 1.08 ","6/7/2016 6:36:25 PM "," 1.56 ","6/7/2016 6:40:25 PM "," 0.7599999 ","6/7/2016 6:42:25 PM "," 1.08 ","6/7/2016 6:44:25 PM "," 1.36 ","6/7/2016 6:46:25 PM "," 1.659999 ",""
"89"," 1.32 ","6/7/2016 6:50:25 PM ","6/7/2016 6:52:25 PM "," 1.88 ","6/7/2016 6:54:25 PM "," 1.08 ","6/7/2016 6:56:25 PM "," 1.56 ","6/7/2016 7:00:25 PM "," 0.7799999 ","6/7/2016 7:02:25 PM "," 1.08 ","6/7/2016 7:04:25 PM "," 1.36 ","6/7/2016 7:06:25 PM "," 1.679999 ",""
"90"," 1.32 ","6/7/2016 7:10:25 PM ","6/7/2016 7:12:25 PM "," 1.919999 ","6/7/2016 7:14:25 PM "," 1.08 ","6/7/2016 7:16:25 PM "," 1.56 ","6/7/2016 7:20:25 PM "," 0.7799999 ","6/7/2016 7:22:25 PM "," 1.08 ","6/7/2016 7:24:25 PM "," 1.36 ","6/7/2016 7:26:25 PM "," 1.719999 ",""
"91"," 1.32 ","6/7/2016 7:30:25 PM ","6/7/2016 7:32:25 PM "," 1.919999 ","6/7/2016 7:34:25 PM "," 1.08 ","6/7/2016 7:36:25 PM "," 1.6 ","6/7/2016 7:40:25 PM "," 0.7799999 ","6/7/2016 7:42:25 PM "," 1.08 ","6/7/2016 7:44:25 PM "," 1.36 ","6/7/2016 7:46:25 PM "," 1.779999 ",""
"92"," 1.32 ","6/7/2016 7:50:25 PM ","6/7/2016 7:52:25 PM ","2","6/7/2016 7:54:25 PM "," 1.1 ","6/7/2016 7:56:25 PM "," 1.6 ","6/7/2016 8:00:25 PM "," 0.7999999 ","6/7/2016 8:02:25 PM "," 1.08 ","6/7/2016 8:04:25 PM "," 1.36 ","6/7/2016 8:06:25 PM "," 1.819999 ",""
"93"," 1.38 ","6/7/2016 8:10:25 PM ","6/7/2016 8:12:25 PM ","2","6/7/2016 8:14:25 PM "," 1.1 ","6/7/2016 8:16:25 PM "," 1.62 ","6/7/2016 8:20:25 PM "," 0.7999999 ","6/7/2016 8:22:25 PM "," 1.08 ","6/7/2016 8:24:25 PM "," 1.36 ","6/7/2016 8:26:25 PM "," 1.879999 ",""
"94"," 1.419999 ","6/7/2016 8:30:25 PM ","6/7/2016 8:32:25 PM "," 2.02 ","6/7/2016 8:34:25 PM "," 1.1 ","6/7/2016 8:36:25 PM "," 1.68 ","6/7/2016 8:40:25 PM "," 0.8199999 ","6/7/2016 8:42:25 PM "," 1.08 ","6/7/2016 8:44:25 PM "," 1.36 ","6/7/2016 8:46:25 PM "," 1.899999 ",""
"95"," 1.439999 ","6/7/2016 8:50:25 PM ","6/7/2016 8:52:25 PM "," 2.02 ","6/7/2016 8:54:25 PM "," 1.14 ","6/7/2016 8:56:25 PM "," 1.72 ","6/7/2016 9:00:25 PM "," 0.8199999 ","6/7/2016 9:02:25 PM "," 1.1 ","6/7/2016 9:04:25 PM "," 1.4 ","6/7/2016 9:06:25 PM "," 1.959999 ",""
"96"," 1.439999 ","6/7/2016 9:10:25 PM ","6/7/2016 9:12:25 PM "," 2.059999 ","6/7/2016 9:14:25 PM "," 1.14 ","6/7/2016 9:16:25 PM "," 1.76 ","6/7/2016 9:20:25 PM "," 0.8399999 ","6/7/2016 9:22:25 PM "," 1.1 ","6/7/2016 9:24:25 PM "," 1.44 ","6/7/2016 9:26:25 PM "," 1.979999 ",""
"97"," 1.459999 ","6/7/2016 9:30:25 PM ","6/7/2016 9:32:25 PM "," 2.079999 ","6/7/2016 9:34:25 PM "," 1.14 ","6/7/2016 9:36:25 PM "," 1.76 ","6/7/2016 9:40:25 PM "," 0.8399999 ","6/7/2016 9:42:25 PM "," 1.12 ","6/7/2016 9:44:25 PM "," 1.46 ","6/7/2016 9:46:25 PM "," 1.979999 ",""
"98"," 1.499999 ","6/7/2016 9:50:25 PM ","6/7/2016 9:52:25 PM "," 2.099999 ","6/7/2016 9:54:25 PM "," 1.16 ","6/7/2016 9:56:25 PM "," 1.76 ","6/7/2016 10:00:25 PM "," 0.8399999 ","6/7/2016 10:02:25 PM "," 1.12 ","6/7/2016 10:04:25 PM "," 1.5 ","6/7/2016 10:06:25 PM "," 2.019999 ",""
"99"," 1.499999 ","6/7/2016 10:10:25 PM ","6/7/2016 10:12:25 PM "," 2.119999 ","6/7/2016 10:14:25 PM "," 1.2 ","6/7/2016 10:16:25 PM "," 1.819999 ","6/7/2016 10:20:25 PM "," 0.8399999 ","6/7/2016 10:22:25 PM "," 1.12 ","6/7/2016 10:24:25 PM "," 1.54 ","6/7/2016 10:26:25 PM "," 2.039999 ",""
"100"," 1.579999 ","6/7/2016 10:30:25 PM ","6/7/2016 10:32:25 PM "," 2.179999 ","6/7/2016 10:34:25 PM "," 1.24 ","6/7/2016 10:36:25 PM "," 1.899999 ","6/7/2016 10:40:25 PM "," 0.8399999 ","6/7/2016 10:42:25 PM "," 1.16 ","6/7/2016 10:44:25 PM "," 1.56 ","6/7/2016 10:46:25 PM "," 2.079999 ",""
"101"," 1.579999 ","6/7/2016 10:50:25 PM ","6/7/2016 10:52:25 PM "," 2.179999 ","6/7/2016 10:54:25 PM "," 1.3 ","6/7/2016 10:56:25 PM "," 1.899999 ","6/7/2016 11:00:25 PM "," 0.8999999 ","6/7/2016 11:02:25 PM "," 1.16 ","6/7/2016 11:04:25 PM "," 1.62 ","6/7/2016 11:06:25 PM "," 2.199999 ",""
"102"," 1.639999 ","6/7/2016 11:10:25 PM ","6/7/2016 11:12:25 PM "," 2.179999 ","6/7/2016 11:14:25 PM "," 1.32 ","6/7/2016 11:16:25 PM ","2","6/7/2016 11:20:25 PM "," 0.9399999 ","6/7/2016 11:22:25 PM "," 1.16 ","6/7/2016 11:24:25 PM "," 1.62 ","6/7/2016 11:26:25 PM "," 2.239999 ",""
"103"," 1.679999 ","6/7/2016 11:30:25 PM ","6/7/2016 11:32:25 PM "," 2.219999 ","6/7/2016 11:34:25 PM "," 1.36 ","6/7/2016 11:36:25 PM "," 2.02 ","6/7/2016 11:40:25 PM "," 0.9599999 ","6/7/2016 11:42:25 PM "," 1.16 ","6/7/2016 11:44:25 PM "," 1.66 ","6/7/2016 11:46:25 PM "," 2.259999 ",""
"104"," 1.719999 ","6/7/2016 11:50:25 PM ","6/7/2016 11:52:25 PM "," 2.259999 ","6/7/2016 11:54:25 PM "," 1.38 ","6/7/2016 11:56:25 PM "," 2.059999 ","6/8/2016 12:00:25 AM "," 0.9599999 ","6/8/2016 12:02:25 AM "," 1.28 ","6/8/2016 12:04:25 AM "," 1.76 ","6/8/2016 12:06:25 AM "," 2.299999 ",""
"105"," 1.759999 ","6/8/2016 12:10:25 AM ","6/8/2016 12:12:25 AM "," 2.259999 ","6/8/2016 12:14:25 AM "," 1.42 ","6/8/2016 12:16:25 AM "," 2.059999 ","6/8/2016 12:20:25 AM "," 0.9599999 ","6/8/2016 12:22:25 AM "," 1.32 ","6/8/2016 12:24:25 AM "," 1.82 ","6/8/2016 12:26:25 AM "," 2.299999 ",""
"106"," 1.759999 ","6/8/2016 12:30:25 AM ","6/8/2016 12:32:25 AM "," 2.319999 ","6/8/2016 12:34:25 AM "," 1.46 ","6/8/2016 12:36:25 AM "," 2.099999 ","6/8/2016 12:40:25 AM "," 0.9599999 ","6/8/2016 12:42:25 AM "," 1.32 ","6/8/2016 12:44:25 AM "," 1.86 ","6/8/2016 12:46:25 AM "," 2.319999 ",""
"107"," 1.759999 ","6/8/2016 12:50:25 AM ","6/8/2016 12:52:25 AM "," 2.319999 ","6/8/2016 12:54:25 AM "," 1.46 ","6/8/2016 12:56:25 AM "," 2.099999 ","6/8/2016 1:00:25 AM "," 0.9999999 ","6/8/2016 1:02:25 AM "," 1.36 ","6/8/2016 1:04:25 AM "," 1.88 ","6/8/2016 1:06:25 AM "," 2.319999 ",""
"108"," 1.759999 ","6/8/2016 1:10:25 AM ","6/8/2016 1:12:25 AM "," 2.319999 ","6/8/2016 1:14:25 AM "," 1.48 ","6/8/2016 1:16:25 AM "," 2.099999 ","6/8/2016 1:20:25 AM "," 1.06 ","6/8/2016 1:22:25 AM "," 1.36 ","6/8/2016 1:24:25 AM "," 1.939999 ","6/8/2016 1:26:25 AM "," 2.319999 ",""
"109"," 1.879999 ","6/8/2016 1:30:25 AM ","6/8/2016 1:32:25 AM "," 2.359999 ","6/8/2016 1:34:25 AM "," 1.5 ","6/8/2016 1:36:25 AM "," 2.179999 ","6/8/2016 1:40:25 AM "," 1.06 ","6/8/2016 1:42:25 AM "," 1.36 ","6/8/2016 1:44:25 AM "," 1.999999 ","6/8/2016 1:46:25 AM "," 2.399999 ",""
"110"," 1.899999 ","6/8/2016 1:50:25 AM ","6/8/2016 1:52:25 AM "," 2.439999 ","6/8/2016 1:54:25 AM "," 1.539999 ","6/8/2016 1:56:25 AM "," 2.179999 ","6/8/2016 2:00:25 AM "," 1.08 ","6/8/2016 2:02:25 AM "," 1.38 ","6/8/2016 2:04:25 AM "," 1.999999 ","6/8/2016 2:06:25 AM "," 2.419999 ",""
"111"," 1.939999 ","6/8/2016 2:10:25 AM ","6/8/2016 2:12:25 AM "," 2.459999 ","6/8/2016 2:14:25 AM "," 1.539999 ","6/8/2016 2:16:25 AM "," 2.199999 ","6/8/2016 2:20:25 AM "," 1.08 ","6/8/2016 2:22:25 AM "," 1.48 ","6/8/2016 2:24:25 AM "," 2.079999 ","6/8/2016 2:26:25 AM "," 2.419999 ",""
"112"," 1.939999 ","6/8/2016 2:30:25 AM ","6/8/2016 2:32:25 AM "," 2.459999 ","6/8/2016 2:34:25 AM "," 1.539999 ","6/8/2016 2:36:25 AM "," 2.259999 ","6/8/2016 2:40:25 AM "," 1.08 ","6/8/2016 2:42:25 AM "," 1.52 ","6/8/2016 2:44:25 AM "," 2.099999 ","6/8/2016 2:46:25 AM "," 2.419999 ",""
"113"," 1.999999 ","6/8/2016 2:50:25 AM ","6/8/2016 2:52:25 AM "," 2.459999 ","6/8/2016 2:54:25 AM "," 1.539999 ","6/8/2016 2:56:25 AM "," 2.279999 ","6/8/2016 3:00:25 AM "," 1.08 ","6/8/2016 3:02:25 AM "," 1.52 ","6/8/2016 3:04:25 AM "," 2.099999 ","6/8/2016 3:06:25 AM "," 2.439999 ",""
"114"," 1.999999 ","6/8/2016 3:10:25 AM ","6/8/2016 3:12:25 AM "," 2.499999 ","6/8/2016 3:14:25 AM "," 1.579999 ","6/8/2016 3:16:25 AM "," 2.379999 ","6/8/2016 3:20:25 AM "," 1.14 ","6/8/2016 3:22:25 AM "," 1.54 ","6/8/2016 3:24:25 AM "," 2.179999 ","6/8/2016 3:26:25 AM "," 2.439999 ",""
"115"," 2.019999 ","6/8/2016 3:30:25 AM ","6/8/2016 3:32:25 AM "," 2.599999 ","6/8/2016 3:34:25 AM "," 1.639999 ","6/8/2016 3:36:25 AM "," 2.399999 ","6/8/2016 3:40:25 AM "," 1.18 ","6/8/2016 3:42:25 AM "," 1.56 ","6/8/2016 3:44:25 AM "," 2.179999 ","6/8/2016 3:46:25 AM "," 2.459999 ",""
"116"," 2.019999 ","6/8/2016 3:50:25 AM ","6/8/2016 3:52:25 AM "," 2.599999 ","6/8/2016 3:54:25 AM "," 1.639999 ","6/8/2016 3:56:25 AM "," 2.439999 ","6/8/2016 4:00:25 AM "," 1.18 ","6/8/2016 4:02:25 AM "," 1.58 ","6/8/2016 4:04:25 AM "," 2.199999 ","6/8/2016 4:06:25 AM "," 2.479999 ",""
"117"," 2.039999 ","6/8/2016 4:10:25 AM ","6/8/2016 4:12:25 AM "," 2.619999 ","6/8/2016 4:14:25 AM "," 1.639999 ","6/8/2016 4:16:25 AM "," 2.459999 ","6/8/2016 4:20:25 AM "," 1.2 ","6/8/2016 4:22:25 AM "," 1.58 ","6/8/2016 4:24:25 AM "," 2.199999 ","6/8/2016 4:26:25 AM "," 2.479999 ",""
"118"," 2.039999 ","6/8/2016 4:30:25 AM ","6/8/2016 4:32:25 AM "," 2.659999 ","6/8/2016 4:34:25 AM "," 1.679999 ","6/8/2016 4:36:25 AM "," 2.459999 ","6/8/2016 4:40:25 AM "," 1.2 ","6/8/2016 4:42:25 AM "," 1.62 ","6/8/2016 4:44:25 AM "," 2.199999 ","6/8/2016 4:46:25 AM "," 2.499999 ",""
"119"," 2.039999 ","6/8/2016 4:50:25 AM ","6/8/2016 4:52:25 AM "," 2.739999 ","6/8/2016 4:54:25 AM "," 1.699999 ","6/8/2016 4:56:25 AM "," 2.479999 ","6/8/2016 5:00:25 AM "," 1.22 ","6/8/2016 5:02:25 AM "," 1.7 ","6/8/2016 5:04:25 AM "," 2.279999 ","6/8/2016 5:06:25 AM "," 2.519999 ",""
"120"," 2.119999 ","6/8/2016 5:10:25 AM ","6/8/2016 5:12:25 AM "," 2.799999 ","6/8/2016 5:14:25 AM "," 1.739999 ","6/8/2016 5:16:25 AM "," 2.499999 ","6/8/2016 5:20:25 AM "," 1.26 ","6/8/2016 5:22:25 AM "," 1.7 ","6/8/2016 5:24:25 AM "," 2.299999 ","6/8/2016 5:26:25 AM "," 2.579999 ",""
"121"," 2.179999 ","6/8/2016 5:30:25 AM ","6/8/2016 5:32:25 AM "," 2.819999 ","6/8/2016 5:34:25 AM "," 1.779999 ","6/8/2016 5:36:25 AM "," 2.539999 ","6/8/2016 5:40:25 AM "," 1.26 ","6/8/2016 5:42:25 AM "," 1.74 ","6/8/2016 5:44:25 AM "," 2.299999 ","6/8/2016 5:46:25 AM "," 2.599999 ",""
"122"," 2.219999 ","6/8/2016 5:50:25 AM ","6/8/2016 5:52:25 AM "," 2.879999 ","6/8/2016 5:54:25 AM "," 1.779999 ","6/8/2016 5:56:25 AM "," 2.539999 ","6/8/2016 6:00:25 AM "," 1.26 ","6/8/2016 6:02:25 AM "," 1.8 ","6/8/2016 6:04:25 AM "," 2.299999 ","6/8/2016 6:06:25 AM "," 2.619999 ",""
"123"," 2.219999 ","6/8/2016 6:10:25 AM ","6/8/2016 6:12:25 AM "," 2.879999 ","6/8/2016 6:14:25 AM "," 1.779999 ","6/8/2016 6:16:25 AM "," 2.599999 ","6/8/2016 6:20:25 AM "," 1.28 ","6/8/2016 6:22:25 AM "," 1.8 ","6/8/2016 6:24:25 AM "," 2.299999 ","6/8/2016 6:26:25 AM "," 2.619999 ",""
"124"," 2.219999 ","6/8/2016 6:30:25 AM ","6/8/2016 6:32:25 AM "," 2.899999 ","6/8/2016 6:34:25 AM "," 1.779999 ","6/8/2016 6:36:25 AM "," 2.599999 ","6/8/2016 6:40:25 AM "," 1.34 ","6/8/2016 6:42:25 AM "," 1.8 ","6/8/2016 6:44:25 AM "," 2.299999 ","6/8/2016 6:46:25 AM "," 2.639999 ",""
"125"," 2.219999 ","6/8/2016 6:50:25 AM ","6/8/2016 6:52:25 AM "," 2.899999 ","6/8/2016 6:54:25 AM "," 1.779999 ","6/8/2016 6:56:25 AM "," 2.639999 ","6/8/2016 7:00:25 AM "," 1.34 ","6/8/2016 7:02:25 AM "," 1.8 ","6/8/2016 7:04:25 AM "," 2.299999 ","6/8/2016 7:06:25 AM "," 2.639999 ",""
"126"," 2.219999 ","6/8/2016 7:10:25 AM ","6/8/2016 7:12:25 AM "," 2.919999 ","6/8/2016 7:14:25 AM "," 1.839999 ","6/8/2016 7:16:25 AM "," 2.639999 ","6/8/2016 7:20:25 AM "," 1.34 ","6/8/2016 7:22:25 AM "," 1.8 ","6/8/2016 7:24:25 AM "," 2.299999 ","6/8/2016 7:26:25 AM "," 2.639999 ",""
"127"," 2.219999 ","6/8/2016 7:30:25 AM ","6/8/2016 7:32:25 AM "," 2.919999 ","6/8/2016 7:34:25 AM "," 1.839999 ","6/8/2016 7:36:25 AM "," 2.639999 ","6/8/2016 7:40:25 AM "," 1.34 ","6/8/2016 7:42:25 AM "," 1.86 ","6/8/2016 7:44:25 AM "," 2.299999 ","6/8/2016 7:46:25 AM "," 2.639999 ",""
"128"," 2.219999 ","6/8/2016 7:50:25 AM ","6/8/2016 7:52:25 AM "," 2.919999 ","6/8/2016 7:54:25 AM "," 1.839999 ","6/8/2016 7:56:25 AM "," 2.639999 ","6/8/2016 8:00:25 AM "," 1.34 ","6/8/2016 8:02:25 AM "," 1.86 ","6/8/2016 8:04:25 AM "," 2.299999 ","6/8/2016 8:06:25 AM "," 2.739999 ",""
"129"," 2.219999 ","6/8/2016 8:10:25 AM ","6/8/2016 8:12:25 AM "," 2.919999 ","6/8/2016 8:14:25 AM "," 1.839999 ","6/8/2016 8:16:25 AM "," 2.679999 ","6/8/2016 8:20:25 AM "," 1.36 ","6/8/2016 8:22:25 AM "," 1.86 ","6/8/2016 8:24:25 AM "," 2.299999 ","6/8/2016 8:26:25 AM "," 2.759999 ",""
"130"," 2.279999 ","6/8/2016 8:30:25 AM ","6/8/2016 8:32:25 AM "," 2.939999 ","6/8/2016 8:34:25 AM "," 1.899999 ","6/8/2016 8:36:25 AM "," 2.679999 ","6/8/2016 8:40:25 AM "," 1.36 ","6/8/2016 8:42:25 AM "," 1.86 ","6/8/2016 8:44:25 AM "," 2.299999 ","6/8/2016 8:46:25 AM "," 2.759999 ",""
"131"," 2.279999 ","6/8/2016 8:50:25 AM ","6/8/2016 8:52:25 AM "," 2.939999 ","6/8/2016 8:54:25 AM "," 1.899999 ","6/8/2016 8:56:25 AM "," 2.679999 ","6/8/2016 9:00:25 AM "," 1.36 ","6/8/2016 9:02:25 AM "," 1.86 ","6/8/2016 9:04:25 AM "," 2.299999 ","6/8/2016 9:06:25 AM "," 2.759999 ",""
"132"," 2.299999 ","6/8/2016 9:10:25 AM ","6/8/2016 9:12:25 AM "," 2.939999 ","6/8/2016 9:14:25 AM "," 1.899999 ","6/8/2016 9:16:25 AM "," 2.679999 ","6/8/2016 9:20:25 AM "," 1.36 ","6/8/2016 9:22:25 AM "," 1.88 ","6/8/2016 9:24:25 AM "," 2.299999 ","6/8/2016 9:26:25 AM "," 2.759999 ",""
"133"," 2.299999 ","6/8/2016 9:30:25 AM ","6/8/2016 9:32:25 AM "," 2.939999 ","6/8/2016 9:34:25 AM "," 1.899999 ","6/8/2016 9:36:25 AM "," 2.699999 ","6/8/2016 9:40:25 AM "," 1.36 ","6/8/2016 9:42:25 AM "," 1.88 ","6/8/2016 9:44:25 AM "," 2.319999 ","6/8/2016 9:46:25 AM "," 2.779999 ",""
"134"," 2.299999 ","6/8/2016 9:50:25 AM ","6/8/2016 9:52:25 AM "," 2.939999 ","6/8/2016 9:54:25 AM "," 1.899999 ","6/8/2016 9:56:25 AM "," 2.699999 ","6/8/2016 10:00:25 AM "," 1.36 ","6/8/2016 10:02:25 AM "," 1.88 ","6/8/2016 10:04:25 AM "," 2.319999 ","6/8/2016 10:06:25 AM "," 2.779999 ",""
"135"," 2.299999 ","6/8/2016 10:10:25 AM ","6/8/2016 10:12:25 AM "," 2.939999 ","6/8/2016 10:14:25 AM "," 1.899999 ","6/8/2016 10:16:25 AM "," 2.699999 ","6/8/2016 10:20:25 AM "," 1.36 ","6/8/2016 10:22:25 AM "," 1.88 ","6/8/2016 10:24:25 AM "," 2.319999 ","6/8/2016 10:26:25 AM "," 2.779999 ",""
"136"," 2.299999 ","6/8/2016 10:30:25 AM ","6/8/2016 10:32:25 AM "," 2.939999 ","6/8/2016 10:34:25 AM "," 1.959999 ","6/8/2016 10:36:25 AM "," 2.699999 ","6/8/2016 10:40:25 AM "," 1.36 ","6/8/2016 10:42:25 AM "," 1.88 ","6/8/2016 10:44:25 AM "," 2.319999 ","6/8/2016 10:46:25 AM "," 2.799999 ",""
"137"," 2.299999 ","6/8/2016 10:50:25 AM ","6/8/2016 10:52:25 AM "," 2.939999 ","6/8/2016 10:54:25 AM "," 1.959999 ","6/8/2016 10:56:25 AM "," 2.699999 ","6/8/2016 11:00:25 AM "," 1.399999 ","6/8/2016 11:02:25 AM "," 1.88 ","6/8/2016 11:04:25 AM "," 2.319999 ","6/8/2016 11:06:25 AM "," 2.799999 ",""
"138"," 2.319999 ","6/8/2016 11:10:25 AM ","6/8/2016 11:12:25 AM "," 2.959999 ","6/8/2016 11:14:25 AM "," 1.959999 ","6/8/2016 11:16:25 AM "," 2.759999 ","6/8/2016 11:20:25 AM "," 1.399999 ","6/8/2016 11:22:25 AM "," 1.88 ","6/8/2016 11:24:25 AM "," 2.339999 ","6/8/2016 11:26:25 AM "," 2.799999 ",""
"139"," 2.319999 ","6/8/2016 11:30:25 AM ","6/8/2016 11:32:25 AM "," 2.959999 ","6/8/2016 11:34:25 AM "," 1.979999 ","6/8/2016 11:36:25 AM "," 2.779999 ","6/8/2016 11:40:25 AM "," 1.399999 ","6/8/2016 11:42:25 AM "," 1.88 ","6/8/2016 11:44:25 AM "," 2.339999 ","6/8/2016 11:46:25 AM "," 2.819999 ",""
"140"," 2.339999 ","6/8/2016 11:50:25 AM ","6/8/2016 11:52:25 AM "," 2.959999 ","6/8/2016 11:54:25 AM "," 1.979999 ","6/8/2016 11:56:25 AM "," 2.799999 ","6/8/2016 12:00:25 PM "," 1.399999 ","6/8/2016 12:02:25 PM "," 1.88 ","6/8/2016 12:04:25 PM "," 2.339999 ","6/8/2016 12:06:25 PM "," 2.819999 ",""
"141"," 2.339999 ","6/8/2016 12:10:25 PM ","6/8/2016 12:12:25 PM "," 2.959999 ","6/8/2016 12:14:25 PM "," 1.979999 ","6/8/2016 12:16:25 PM "," 2.799999 ","6/8/2016 12:20:25 PM "," 1.399999 ","6/8/2016 12:22:25 PM "," 1.88 ","6/8/2016 12:24:25 PM "," 2.339999 ","6/8/2016 12:26:25 PM "," 2.819999 ",""
"142"," 2.339999 ","6/8/2016 12:30:25 PM ","6/8/2016 12:32:25 PM "," 2.959999 ","6/8/2016 12:34:25 PM "," 1.979999 ","6/8/2016 12:36:25 PM "," 2.799999 ","6/8/2016 12:40:25 PM "," 1.419999 ","6/8/2016 12:42:25 PM "," 1.88 ","6/8/2016 12:44:25 PM "," 2.339999 ","6/8/2016 12:46:25 PM "," 2.819999 ",""
"143"," 2.339999 ","6/8/2016 12:50:25 PM ","6/8/2016 12:52:25 PM "," 2.959999 ","6/8/2016 12:54:25 PM "," 1.999999 ","6/8/2016 12:56:25 PM "," 2.839999 ","6/8/2016 1:00:25 PM "," 1.419999 ","6/8/2016 1:02:25 PM "," 1.919999 ","6/8/2016 1:04:25 PM "," 2.339999 ","6/8/2016 1:06:25 PM "," 2.839998 ",""
"144"," 2.339999 ","6/8/2016 1:10:25 PM ","6/8/2016 1:12:25 PM "," 2.959999 ","6/8/2016 1:14:25 PM "," 1.999999 ","6/8/2016 1:16:25 PM "," 2.839999 ","6/8/2016 1:20:25 PM "," 1.419999 ","6/8/2016 1:22:25 PM "," 1.919999 ","6/8/2016 1:24:25 PM "," 2.339999 ","6/8/2016 1:26:25 PM "," 2.839998 ",""
"145"," 2.339999 ","6/8/2016 1:30:25 PM ","6/8/2016 1:32:25 PM "," 2.959999 ","6/8/2016 1:34:25 PM "," 1.999999 ","6/8/2016 1:36:25 PM "," 2.839999 ","6/8/2016 1:40:25 PM "," 1.419999 ","6/8/2016 1:42:25 PM "," 1.919999 ","6/8/2016 1:44:25 PM "," 2.339999 ","6/8/2016 1:46:25 PM "," 2.839998 ",""
"146"," 2.339999 ","6/8/2016 1:50:25 PM ","6/8/2016 1:52:25 PM "," 2.959999 ","6/8/2016 1:54:25 PM "," 1.999999 ","6/8/2016 1:56:25 PM "," 2.839999 ","6/8/2016 2:00:25 PM "," 1.419999 ","6/8/2016 2:02:25 PM "," 1.939999 ","6/8/2016 2:04:25 PM "," 2.339999 ","6/8/2016 2:06:25 PM "," 2.859998 ",""
"147"," 2.339999 ","6/8/2016 2:10:25 PM ","6/8/2016 2:12:25 PM "," 2.959999 ","6/8/2016 2:14:25 PM "," 1.999999 ","6/8/2016 2:16:25 PM "," 2.879999 ","6/8/2016 2:20:25 PM "," 1.419999 ","6/8/2016 2:22:25 PM "," 1.939999 ","6/8/2016 2:24:25 PM "," 2.339999 ","6/8/2016 2:26:25 PM "," 2.859998 ",""
"148"," 2.339999 ","6/8/2016 2:30:25 PM ","6/8/2016 2:32:25 PM "," 2.959999 ","6/8/2016 2:34:25 PM "," 1.999999 ","6/8/2016 2:36:25 PM "," 2.879999 ","6/8/2016 2:40:25 PM "," 1.419999 ","6/8/2016 2:42:25 PM "," 1.939999 ","6/8/2016 2:44:25 PM "," 2.339999 ","6/8/2016 2:46:25 PM "," 2.879998 ",""
"149"," 2.339999 ","6/8/2016 2:50:25 PM ","6/8/2016 2:52:25 PM "," 3.019999 ","6/8/2016 2:54:25 PM "," 1.999999 ","6/8/2016 2:56:25 PM "," 2.919999 ","6/8/2016 3:00:25 PM "," 1.439999 ","6/8/2016 3:02:25 PM "," 1.939999 ","6/8/2016 3:04:25 PM "," 2.339999 ","6/8/2016 3:06:25 PM "," 2.879998 ",""
"150"," 2.419999 ","6/8/2016 3:10:25 PM ","6/8/2016 3:12:25 PM "," 3.019999 ","6/8/2016 3:14:25 PM "," 1.999999 ","6/8/2016 3:16:25 PM "," 2.919999 ","6/8/2016 3:20:25 PM "," 1.439999 ","6/8/2016 3:22:25 PM "," 1.939999 ","6/8/2016 3:24:25 PM "," 2.339999 ","6/8/2016 3:26:25 PM "," 2.879998 ",""
"151"," 2.419999 ","6/8/2016 3:30:25 PM ","6/8/2016 3:32:25 PM "," 3.039999 ","6/8/2016 3:34:25 PM "," 2.059999 ","6/8/2016 3:36:25 PM "," 2.939999 ","6/8/2016 3:40:25 PM "," 1.439999 ","6/8/2016 3:42:25 PM "," 1.939999 ","6/8/2016 3:44:25 PM "," 2.339999 ","6/8/2016 3:46:25 PM "," 2.879998 ",""
"152"," 2.419999 ","6/8/2016 3:50:25 PM ","6/8/2016 3:52:25 PM "," 3.059999 ","6/8/2016 3:54:25 PM "," 2.059999 ","6/8/2016 3:56:25 PM "," 2.939999 ","6/8/2016 4:00:25 PM "," 1.439999 ","6/8/2016 4:02:25 PM "," 1.939999 ","6/8/2016 4:04:25 PM "," 2.339999 ","6/8/2016 4:06:25 PM "," 2.899998 ",""
"153"," 2.419999 ","6/8/2016 4:10:25 PM ","6/8/2016 4:12:25 PM "," 3.079998 ","6/8/2016 4:14:25 PM "," 2.059999 ","6/8/2016 4:16:25 PM "," 2.959999 ","6/8/2016 4:20:25 PM "," 1.439999 ","6/8/2016 4:22:25 PM "," 1.939999 ","6/8/2016 4:24:25 PM "," 2.339999 ","6/8/2016 4:26:25 PM "," 2.899998 ",""
"154"," 2.439999 ","6/8/2016 4:30:25 PM ","6/8/2016 4:32:25 PM "," 3.099998 ","6/8/2016 4:34:25 PM "," 2.059999 ","6/8/2016 4:36:25 PM "," 2.979999 ","6/8/2016 4:40:25 PM "," 1.439999 ","6/8/2016 4:42:25 PM "," 1.959999 ","6/8/2016 4:44:25 PM "," 2.339999 ","6/8/2016 4:46:25 PM "," 2.939998 ",""
"155"," 2.439999 ","6/8/2016 4:50:25 PM ","6/8/2016 4:52:25 PM "," 3.099998 ","6/8/2016 4:54:25 PM "," 2.059999 ","6/8/2016 4:56:25 PM "," 2.999999 ","6/8/2016 5:00:25 PM "," 1.439999 ","6/8/2016 5:02:25 PM "," 1.979999 ","6/8/2016 5:04:25 PM "," 2.379999 ","6/8/2016 5:06:25 PM "," 2.959998 ",""
"156"," 2.439999 ","6/8/2016 5:10:25 PM ","6/8/2016 5:12:25 PM "," 3.099998 ","6/8/2016 5:14:25 PM "," 2.059999 ","6/8/2016 5:16:25 PM "," 3.019999 ","6/8/2016 5:20:25 PM "," 1.459999 ","6/8/2016 5:22:25 PM "," 1.999999 ","6/8/2016 5:24:25 PM "," 2.379999 ","6/8/2016 5:26:25 PM "," 2.959998 ",""
"157"," 2.439999 ","6/8/2016 5:30:25 PM ","6/8/2016 5:32:25 PM "," 3.099998 ","6/8/2016 5:34:25 PM "," 2.059999 ","6/8/2016 5:36:25 PM "," 3.019999 ","6/8/2016 5:40:25 PM "," 1.459999 ","6/8/2016 5:42:25 PM "," 2.039999 ","6/8/2016 5:44:25 PM "," 2.379999 ","6/8/2016 5:46:25 PM "," 2.959998 ",""
"158"," 2.439999 ","6/8/2016 5:50:25 PM ","6/8/2016 5:52:25 PM "," 3.139998 ","6/8/2016 5:54:25 PM "," 2.059999 ","6/8/2016 5:56:25 PM "," 3.019999 ","6/8/2016 6:00:25 PM "," 1.459999 ","6/8/2016 6:02:25 PM "," 2.039999 ","6/8/2016 6:04:25 PM "," 2.379999 ","6/8/2016 6:06:25 PM "," 2.979998 ",""
"159"," 2.499999 ","6/8/2016 6:10:25 PM ","6/8/2016 6:12:25 PM "," 3.139998 ","6/8/2016 6:14:25 PM "," 2.059999 ","6/8/2016 6:16:25 PM "," 3.019999 ","6/8/2016 6:20:25 PM "," 1.459999 ","6/8/2016 6:22:25 PM "," 2.059999 ","6/8/2016 6:24:25 PM "," 2.379999 ","6/8/2016 6:26:25 PM "," 2.979998 ",""
"160"," 2.519999 ","6/8/2016 6:30:25 PM ","6/8/2016 6:32:25 PM "," 3.159998 ","6/8/2016 6:34:25 PM "," 2.059999 ","6/8/2016 6:36:25 PM "," 3.019999 ","6/8/2016 6:40:25 PM "," 1.459999 ","6/8/2016 6:42:25 PM "," 2.059999 ","6/8/2016 6:44:25 PM "," 2.379999 ","6/8/2016 6:46:25 PM "," 3.019998 ",""
"161"," 2.559999 ","6/8/2016 6:50:25 PM ","6/8/2016 6:52:25 PM "," 3.159998 ","6/8/2016 6:54:25 PM "," 2.099999 ","6/8/2016 6:56:25 PM "," 3.019999 ","6/8/2016 7:00:25 PM "," 1.479999 ","6/8/2016 7:02:25 PM "," 2.079999 ","6/8/2016 7:04:25 PM "," 2.379999 ","6/8/2016 7:06:25 PM "," 3.059998 ",""
"162"," 2.619999 ","6/8/2016 7:10:25 PM ","6/8/2016 7:12:25 PM "," 3.199998 ","6/8/2016 7:14:25 PM "," 2.139999 ","6/8/2016 7:16:25 PM "," 3.039999 ","6/8/2016 7:20:25 PM "," 1.499999 ","6/8/2016 7:22:25 PM "," 2.099999 ","6/8/2016 7:24:25 PM "," 2.379999 ","6/8/2016 7:26:25 PM "," 3.059998 ",""
"163"," 2.659999 ","6/8/2016 7:30:25 PM ","6/8/2016 7:32:25 PM "," 3.259998 ","6/8/2016 7:34:25 PM "," 2.139999 ","6/8/2016 7:36:25 PM "," 3.059999 ","6/8/2016 7:40:25 PM "," 1.499999 ","6/8/2016 7:42:25 PM "," 2.099999 ","6/8/2016 7:44:25 PM "," 2.379999 ","6/8/2016 7:46:25 PM "," 3.159998 ",""
"164"," 2.679999 ","6/8/2016 7:50:25 PM ","6/8/2016 7:52:25 PM "," 3.259998 ","6/8/2016 7:54:25 PM "," 2.179999 ","6/8/2016 7:56:25 PM "," 3.119998 ","6/8/2016 8:00:25 PM "," 1.519999 ","6/8/2016 8:02:25 PM "," 2.139999 ","6/8/2016 8:04:25 PM "," 2.379999 ","6/8/2016 8:06:25 PM "," 3.179998 ",""
"165"," 2.679999 ","6/8/2016 8:10:25 PM ","6/8/2016 8:12:25 PM "," 3.299998 ","6/8/2016 8:14:25 PM "," 2.199999 ","6/8/2016 8:16:25 PM "," 3.139998 ","6/8/2016 8:20:25 PM "," 1.539999 ","6/8/2016 8:22:25 PM "," 2.179999 ","6/8/2016 8:24:25 PM "," 2.379999 ","6/8/2016 8:26:25 PM "," 3.259998 ",""
"166"," 2.739999 ","6/8/2016 8:30:25 PM ","6/8/2016 8:32:25 PM "," 3.339998 ","6/8/2016 8:34:25 PM "," 2.239999 ","6/8/2016 8:36:25 PM "," 3.159998 ","6/8/2016 8:40:25 PM "," 1.559999 ","6/8/2016 8:42:25 PM "," 2.199999 ","6/8/2016 8:44:25 PM "," 2.379999 ","6/8/2016 8:46:25 PM "," 3.279998 ",""
"167"," 2.779999 ","6/8/2016 8:50:25 PM ","6/8/2016 8:52:25 PM "," 3.359998 ","6/8/2016 8:54:25 PM "," 2.239999 ","6/8/2016 8:56:25 PM "," 3.199998 ","6/8/2016 9:00:25 PM "," 1.559999 ","6/8/2016 9:02:25 PM "," 2.199999 ","6/8/2016 9:04:25 PM "," 2.379999 ","6/8/2016 9:06:25 PM "," 3.319998 ",""
"168"," 2.879998 ","6/8/2016 9:10:25 PM ","6/8/2016 9:12:25 PM "," 3.399998 ","6/8/2016 9:14:25 PM "," 2.259999 ","6/8/2016 9:16:25 PM "," 3.259998 ","6/8/2016 9:20:25 PM "," 1.559999 ","6/8/2016 9:22:25 PM "," 2.239999 ","6/8/2016 9:24:25 PM "," 2.379999 ","6/8/2016 9:26:25 PM "," 3.399998 ",""
"169"," 2.919998 ","6/8/2016 9:30:25 PM ","6/8/2016 9:32:25 PM "," 3.439998 ","6/8/2016 9:34:25 PM "," 2.259999 ","6/8/2016 9:36:25 PM "," 3.299998 ","6/8/2016 9:40:25 PM "," 1.599999 ","6/8/2016 9:42:25 PM "," 2.279999 ","6/8/2016 9:44:25 PM "," 2.379999 ","6/8/2016 9:46:25 PM "," 3.399998 ",""
"170"," 2.959998 ","6/8/2016 9:50:25 PM ","6/8/2016 9:52:25 PM "," 3.519998 ","6/8/2016 9:54:25 PM "," 2.339999 ","6/8/2016 9:56:25 PM "," 3.319998 ","6/8/2016 10:00:25 PM "," 1.599999 ","6/8/2016 10:02:25 PM "," 2.279999 ","6/8/2016 10:04:25 PM "," 2.379999 ","6/8/2016 10:06:25 PM "," 3.479998 ",""
"171"," 2.999998 ","6/8/2016 10:10:25 PM ","6/8/2016 10:12:25 PM "," 3.539998 ","6/8/2016 10:14:25 PM "," 2.339999 ","6/8/2016 10:16:25 PM "," 3.339998 ","6/8/2016 10:20:25 PM "," 1.639999 ","6/8/2016 10:22:25 PM "," 2.319999 ","6/8/2016 10:24:25 PM "," 2.379999 ","6/8/2016 10:26:25 PM "," 3.559998 ",""
"172"," 3.039998 ","6/8/2016 10:30:25 PM ","6/8/2016 10:32:25 PM "," 3.539998 ","6/8/2016 10:34:25 PM "," 2.399999 ","6/8/2016 10:36:25 PM "," 3.379998 ","6/8/2016 10:40:25 PM "," 1.679999 ","6/8/2016 10:42:25 PM "," 2.319999 ","6/8/2016 10:44:25 PM "," 2.379999 ","6/8/2016 10:46:25 PM "," 3.559998 ",""
"173"," 3.099998 ","6/8/2016 10:50:25 PM ","6/8/2016 10:52:25 PM "," 3.539998 ","6/8/2016 10:54:25 PM "," 2.399999 ","6/8/2016 10:56:25 PM "," 3.439998 ","6/8/2016 11:00:25 PM "," 1.679999 ","6/8/2016 11:02:25 PM "," 2.379999 ","6/8/2016 11:04:25 PM "," 2.379999 ","6/8/2016 11:06:25 PM "," 3.559998 ",""
"174"," 3.099998 ","6/8/2016 11:10:25 PM ","6/8/2016 11:12:25 PM "," 3.579998 ","6/8/2016 11:14:25 PM "," 2.419999 ","6/8/2016 11:16:25 PM "," 3.479998 ","6/8/2016 11:20:25 PM "," 1.719999 ","6/8/2016 11:22:25 PM "," 2.439999 ","6/8/2016 11:24:25 PM "," 2.379999 ","6/8/2016 11:26:25 PM "," 3.639998 ",""
"175"," 3.159998 ","6/8/2016 11:30:25 PM ","6/8/2016 11:32:25 PM "," 3.659998 ","6/8/2016 11:34:25 PM "," 2.479999 ","6/8/2016 11:36:25 PM "," 3.519998 ","6/8/2016 11:40:25 PM "," 1.739999 ","6/8/2016 11:42:25 PM "," 2.479999 ","6/8/2016 11:44:25 PM "," 2.379999 ","6/8/2016 11:46:25 PM "," 3.719998 ",""
"176"," 3.239998 ","6/8/2016 11:50:25 PM ","6/8/2016 11:52:25 PM "," 3.659998 ","6/8/2016 11:54:25 PM "," 2.519999 ","6/8/2016 11:56:25 PM "," 3.559998 ","6/9/2016 12:00:25 AM "," 1.759999 ","6/9/2016 12:02:25 AM "," 2.499999 ","6/9/2016 12:04:25 AM "," 2.379999 ","6/9/2016 12:06:25 AM "," 3.739998 ",""
"177"," 3.319998 ","6/9/2016 12:10:25 AM ","6/9/2016 12:12:25 AM "," 3.699998 ","6/9/2016 12:14:25 AM "," 2.519999 ","6/9/2016 12:16:25 AM "," 3.579998 ","6/9/2016 12:20:25 AM "," 1.799999 ","6/9/2016 12:22:25 AM "," 2.499999 ","6/9/2016 12:24:25 AM "," 2.379999 ","6/9/2016 12:26:25 AM "," 3.759998 ",""
"178"," 3.359998 ","6/9/2016 12:30:25 AM ","6/9/2016 12:32:25 AM "," 3.699998 ","6/9/2016 12:34:25 AM "," 2.579998 ","6/9/2016 12:36:25 AM "," 3.679998 ","6/9/2016 12:40:25 AM "," 1.819999 ","6/9/2016 12:42:25 AM "," 2.499999 ","6/9/2016 12:44:25 AM "," 2.379999 ","6/9/2016 12:46:25 AM "," 3.759998 ",""
"179"," 3.379998 ","6/9/2016 12:50:25 AM ","6/9/2016 12:52:25 AM "," 3.699998 ","6/9/2016 12:54:25 AM "," 2.599998 ","6/9/2016 12:56:25 AM "," 3.719998 ","6/9/2016 1:00:25 AM "," 1.819999 ","6/9/2016 1:02:25 AM "," 2.499999 ","6/9/2016 1:04:25 AM "," 2.379999 ","6/9/2016 1:06:25 AM "," 3.759998 ",""
"180"," 3.379998 ","6/9/2016 1:10:25 AM ","6/9/2016 1:12:25 AM "," 3.759998 ","6/9/2016 1:14:25 AM "," 2.599998 ","6/9/2016 1:16:25 AM "," 3.739998 ","6/9/2016 1:20:25 AM "," 1.819999 ","6/9/2016 1:22:25 AM "," 2.499999 ","6/9/2016 1:24:25 AM "," 2.379999 ","6/9/2016 1:26:25 AM "," 3.839998 ",""
"181"," 3.379998 ","6/9/2016 1:30:25 AM ","6/9/2016 1:32:25 AM "," 3.759998 ","6/9/2016 1:34:25 AM "," 2.639998 ","6/9/2016 1:36:25 AM "," 3.739998 ","6/9/2016 1:40:25 AM "," 1.839999 ","6/9/2016 1:42:25 AM "," 2.539999 ","6/9/2016 1:44:25 AM "," 2.379999 ","6/9/2016 1:46:25 AM "," 3.839998 ",""
"182"," 3.399998 ","6/9/2016 1:50:25 AM ","6/9/2016 1:52:25 AM "," 3.759998 ","6/9/2016 1:54:25 AM "," 2.639998 ","6/9/2016 1:56:25 AM "," 3.819998 ","6/9/2016 2:00:25 AM "," 1.839999 ","6/9/2016 2:02:25 AM "," 2.619999 ","6/9/2016 2:04:25 AM "," 2.379999 ","6/9/2016 2:06:25 AM "," 3.839998 ",""
"183"," 3.419998 ","6/9/2016 2:10:25 AM ","6/9/2016 2:12:25 AM "," 3.859998 ","6/9/2016 2:14:25 AM "," 2.639998 ","6/9/2016 2:16:25 AM "," 3.839998 ","6/9/2016 2:20:25 AM "," 1.839999 ","6/9/2016 2:22:25 AM "," 2.619999 ","6/9/2016 2:24:25 AM "," 2.379999 ","6/9/2016 2:26:25 AM "," 3.859998 ",""
"184"," 3.419998 ","6/9/2016 2:30:25 AM ","6/9/2016 2:32:25 AM "," 3.919998 ","6/9/2016 2:34:25 AM "," 2.679998 ","6/9/2016 2:36:25 AM "," 3.899998 ","6/9/2016 2:40:25 AM "," 1.879999 ","6/9/2016 2:42:25 AM "," 2.619999 ","6/9/2016 2:44:25 AM "," 2.439999 ","6/9/2016 2:46:25 AM "," 3.859998 ",""
"185"," 3.419998 ","6/9/2016 2:50:25 AM ","6/9/2016 2:52:25 AM "," 3.919998 ","6/9/2016 2:54:25 AM "," 2.759998 ","6/9/2016 2:56:25 AM "," 3.899998 ","6/9/2016 3:00:25 AM "," 1.959999 ","6/9/2016 3:02:25 AM "," 2.619999 ","6/9/2016 3:04:25 AM "," 2.439999 ","6/9/2016 3:06:25 AM "," 3.979997 ",""
"186"," 3.499998 ","6/9/2016 3:10:25 AM ","6/9/2016 3:12:25 AM "," 4.019998 ","6/9/2016 3:14:25 AM "," 2.779998 ","6/9/2016 3:16:25 AM "," 3.939998 ","6/9/2016 3:20:25 AM "," 1.979999 ","6/9/2016 3:22:25 AM "," 2.619999 ","6/9/2016 3:24:25 AM "," 2.439999 ","6/9/2016 3:26:25 AM "," 3.999997 ",""
"187"," 3.579998 ","6/9/2016 3:30:25 AM ","6/9/2016 3:32:25 AM "," 4.039998 ","6/9/2016 3:34:25 AM "," 2.819998 ","6/9/2016 3:36:25 AM "," 3.939998 ","6/9/2016 3:40:25 AM "," 1.979999 ","6/9/2016 3:42:25 AM "," 2.619999 ","6/9/2016 3:44:25 AM "," 2.439999 ","6/9/2016 3:46:25 AM "," 3.999997 ",""
"188"," 3.579998 ","6/9/2016 3:50:25 AM ","6/9/2016 3:52:25 AM "," 4.039998 ","6/9/2016 3:54:25 AM "," 2.819998 ","6/9/2016 3:56:25 AM "," 3.959998 ","6/9/2016 4:00:25 AM "," 1.979999 ","6/9/2016 4:02:25 AM "," 2.679999 ","6/9/2016 4:04:25 AM "," 2.439999 ","6/9/2016 4:06:25 AM "," 3.999997 ",""
"189"," 3.579998 ","6/9/2016 4:10:25 AM ","6/9/2016 4:12:25 AM "," 4.079998 ","6/9/2016 4:14:25 AM "," 2.859998 ","6/9/2016 4:16:25 AM "," 3.979998 ","6/9/2016 4:20:25 AM "," 2.019999 ","6/9/2016 4:22:25 AM "," 2.699999 ","6/9/2016 4:24:25 AM "," 2.439999 ","6/9/2016 4:26:25 AM "," 3.999997 ",""
"190"," 3.579998 ","6/9/2016 4:30:25 AM ","6/9/2016 4:32:25 AM "," 4.219997 ","6/9/2016 4:34:25 AM "," 2.919998 ","6/9/2016 4:36:25 AM "," 4.059998 ","6/9/2016 4:40:25 AM "," 2.099999 ","6/9/2016 4:42:25 AM "," 2.699999 ","6/9/2016 4:44:25 AM "," 2.439999 ","6/9/2016 4:46:25 AM "," 4.059998 ",""
"191"," 3.599998 ","6/9/2016 4:50:25 AM ","6/9/2016 4:52:25 AM "," 4.259997 ","6/9/2016 4:54:25 AM "," 2.919998 ","6/9/2016 4:56:25 AM "," 4.079998 ","6/9/2016 5:00:25 AM "," 2.099999 ","6/9/2016 5:02:25 AM "," 2.699999 ","6/9/2016 5:04:25 AM "," 2.439999 ","6/9/2016 5:06:25 AM "," 4.119998 ",""
"192"," 3.699998 ","6/9/2016 5:10:25 AM ","6/9/2016 5:12:25 AM "," 4.259997 ","6/9/2016 5:14:25 AM "," 2.999998 ","6/9/2016 5:16:25 AM "," 4.159997 ","6/9/2016 5:20:25 AM "," 2.099999 ","6/9/2016 5:22:25 AM "," 2.699999 ","6/9/2016 5:24:25 AM "," 2.439999 ","6/9/2016 5:26:25 AM "," 4.119998 ",""
"193"," 3.719998 ","6/9/2016 5:30:25 AM ","6/9/2016 5:32:25 AM "," 4.279997 ","6/9/2016 5:34:25 AM "," 2.999998 ","6/9/2016 5:36:25 AM "," 4.199997 ","6/9/2016 5:40:25 AM "," 2.179999 ","6/9/2016 5:42:25 AM "," 2.699999 ","6/9/2016 5:44:25 AM "," 2.439999 ","6/9/2016 5:46:25 AM "," 4.159997 ",""
"194"," 3.719998 ","6/9/2016 5:50:25 AM ","6/9/2016 5:52:25 AM "," 4.359997 ","6/9/2016 5:54:25 AM "," 2.999998 ","6/9/2016 5:56:25 AM "," 4.219997 ","6/9/2016 6:00:25 AM "," 2.179999 ","6/9/2016 6:02:25 AM "," 2.699999 ","6/9/2016 6:04:25 AM "," 2.439999 ","6/9/2016 6:06:25 AM "," 4.199997 ",""
"195"," 3.759998 ","6/9/2016 6:10:25 AM ","6/9/2016 6:12:25 AM "," 4.379997 ","6/9/2016 6:14:25 AM "," 2.999998 ","6/9/2016 6:16:25 AM "," 4.219997 ","6/9/2016 6:20:25 AM "," 2.179999 ","6/9/2016 6:22:25 AM "," 2.699999 ","6/9/2016 6:24:25 AM "," 2.439999 ","6/9/2016 6:26:25 AM "," 4.259997 ",""
"196"," 3.779998 ","6/9/2016 6:30:25 AM ","6/9/2016 6:32:25 AM "," 4.379997 ","6/9/2016 6:34:25 AM "," 3.059998 ","6/9/2016 6:36:25 AM "," 4.239997 ","6/9/2016 6:40:25 AM "," 2.199999 ","6/9/2016 6:42:25 AM "," 2.719999 ","6/9/2016 6:44:25 AM "," 2.439999 ","6/9/2016 6:46:25 AM "," 4.259997 ",""
"197"," 3.799998 ","6/9/2016 6:50:25 AM ","6/9/2016 6:52:25 AM "," 4.379997 ","6/9/2016 6:54:25 AM "," 3.079998 ","6/9/2016 6:56:25 AM "," 4.239997 ","6/9/2016 7:00:25 AM "," 2.199999 ","6/9/2016 7:02:25 AM "," 2.719999 ","6/9/2016 7:04:25 AM "," 2.439999 ","6/9/2016 7:06:25 AM "," 4.279997 ",""
"198"," 3.799998 ","6/9/2016 7:10:25 AM ","6/9/2016 7:12:25 AM "," 4.379997 ","6/9/2016 7:14:25 AM "," 3.079998 ","6/9/2016 7:16:25 AM "," 4.259997 ","6/9/2016 7:20:25 AM "," 2.199999 ","6/9/2016 7:22:25 AM "," 2.719999 ","6/9/2016 7:24:25 AM "," 2.439999 ","6/9/2016 7:26:25 AM "," 4.359997 ",""
"199"," 3.799998 ","6/9/2016 7:30:25 AM ","6/9/2016 7:32:25 AM "," 4.379997 ","6/9/2016 7:34:25 AM "," 3.079998 ","6/9/2016 7:36:25 AM "," 4.259997 ","6/9/2016 7:40:25 AM "," 2.239999 ","6/9/2016 7:42:25 AM "," 2.719999 ","6/9/2016 7:44:25 AM "," 2.439999 ","6/9/2016 7:46:25 AM "," 4.359997 ",""
"200"," 3.799998 ","6/9/2016 7:50:25 AM ","6/9/2016 7:52:25 AM "," 4.379997 ","6/9/2016 7:54:25 AM "," 3.079998 ","6/9/2016 7:56:25 AM "," 4.259997 ","6/9/2016 8:00:25 AM "," 2.239999 ","6/9/2016 8:02:25 AM "," 2.719999 ","6/9/2016 8:04:25 AM "," 2.439999 ","6/9/2016 8:06:25 AM "," 4.359997 ",""
"201"," 3.799998 ","6/9/2016 8:10:25 AM ","6/9/2016 8:12:25 AM "," 4.379997 ","6/9/2016 8:14:25 AM "," 3.079998 ","6/9/2016 8:16:25 AM "," 4.259997 ","6/9/2016 8:20:25 AM "," 2.239999 ","6/9/2016 8:22:25 AM "," 2.719999 ","6/9/2016 8:24:25 AM "," 2.439999 ","6/9/2016 8:26:25 AM "," 4.359997 ",""
"202"," 3.799998 ","6/9/2016 8:30:25 AM ","6/9/2016 8:32:25 AM "," 4.399997 ","6/9/2016 8:34:25 AM "," 3.079998 ","6/9/2016 8:36:25 AM "," 4.259997 ","6/9/2016 8:40:25 AM "," 2.239999 ","6/9/2016 8:42:25 AM "," 2.719999 ","6/9/2016 8:44:25 AM "," 2.439999 ","6/9/2016 8:46:25 AM "," 4.359997 ",""
"203"," 3.799998 ","6/9/2016 8:50:25 AM ","6/9/2016 8:52:25 AM "," 4.399997 ","6/9/2016 8:54:25 AM "," 3.079998 ","6/9/2016 8:56:25 AM "," 4.259997 ","6/9/2016 9:00:25 AM "," 2.239999 ","6/9/2016 9:02:25 AM "," 2.739999 ","6/9/2016 9:04:25 AM "," 2.439999 ","6/9/2016 9:06:25 AM "," 4.399997 ",""
"204"," 3.799998 ","6/9/2016 9:10:25 AM ","6/9/2016 9:12:25 AM "," 4.399997 ","6/9/2016 9:14:25 AM "," 3.139998 ","6/9/2016 9:16:25 AM "," 4.259997 ","6/9/2016 9:20:25 AM "," 2.259999 ","6/9/2016 9:22:25 AM "," 2.739999 ","6/9/2016 9:24:25 AM "," 2.439999 ","6/9/2016 9:26:25 AM "," 4.399997 ",""
"205"," 3.819998 ","6/9/2016 9:30:25 AM ","6/9/2016 9:32:25 AM "," 4.399997 ","6/9/2016 9:34:25 AM "," 3.139998 ","6/9/2016 9:36:25 AM "," 4.279997 ","6/9/2016 9:40:25 AM "," 2.259999 ","6/9/2016 9:42:25 AM "," 2.859999 ","6/9/2016 9:44:25 AM "," 2.439999 ","6/9/2016 9:46:25 AM "," 4.399997 ",""
"206"," 3.819998 ","6/9/2016 9:50:25 AM ","6/9/2016 9:52:25 AM "," 4.399997 ","6/9/2016 9:54:25 AM "," 3.139998 ","6/9/2016 9:56:25 AM "," 4.299997 ","6/9/2016 10:00:25 AM "," 2.259999 ","6/9/2016 10:02:25 AM "," 2.879999 ","6/9/2016 10:04:25 AM "," 2.439999 ","6/9/2016 10:06:25 AM "," 4.419997 ",""
"207"," 3.819998 ","6/9/2016 10:10:25 AM ","6/9/2016 10:12:25 AM "," 4.399997 ","6/9/2016 10:14:25 AM "," 3.139998 ","6/9/2016 10:16:25 AM "," 4.299997 ","6/9/2016 10:20:25 AM "," 2.259999 ","6/9/2016 10:22:25 AM "," 2.879999 ","6/9/2016 10:24:25 AM "," 2.439999 ","6/9/2016 10:26:25 AM "," 4.419997 ",""
"208"," 3.819998 ","6/9/2016 10:30:25 AM ","6/9/2016 10:32:25 AM "," 4.499997 ","6/9/2016 10:34:25 AM "," 3.159998 ","6/9/2016 10:36:25 AM "," 4.339997 ","6/9/2016 10:40:25 AM "," 2.259999 ","6/9/2016 10:42:25 AM "," 2.879999 ","6/9/2016 10:44:25 AM "," 2.439999 ","6/9/2016 10:46:25 AM "," 4.419997 ",""
"209"," 3.819998 ","6/9/2016 10:50:25 AM ","6/9/2016 10:52:25 AM "," 4.499997 ","6/9/2016 10:54:25 AM "," 3.179998 ","6/9/2016 10:56:25 AM "," 4.379997 ","6/9/2016 11:00:25 AM "," 2.259999 ","6/9/2016 11:02:25 AM "," 2.899999 ","6/9/2016 11:04:25 AM "," 2.439999 ","6/9/2016 11:06:25 AM "," 4.459997 ",""
"210"," 3.819998 ","6/9/2016 11:10:25 AM ","6/9/2016 11:12:25 AM "," 4.499997 ","6/9/2016 11:14:25 AM "," 3.239998 ","6/9/2016 11:16:25 AM "," 4.419997 ","6/9/2016 11:20:25 AM "," 2.259999 ","6/9/2016 11:22:25 AM "," 2.959999 ","6/9/2016 11:24:25 AM "," 2.439999 ","6/9/2016 11:26:25 AM "," 4.459997 ",""
"211"," 3.819998 ","6/9/2016 11:30:25 AM ","6/9/2016 11:32:25 AM "," 4.499997 ","6/9/2016 11:34:25 AM "," 3.279998 ","6/9/2016 11:36:25 AM "," 4.419997 ","6/9/2016 11:40:25 AM "," 2.259999 ","6/9/2016 11:42:25 AM "," 2.999999 ","6/9/2016 11:44:25 AM "," 2.439999 ","6/9/2016 11:46:25 AM "," 4.479997 ",""
"212"," 3.879997 ","6/9/2016 11:50:25 AM ","6/9/2016 11:52:25 AM "," 4.559997 ","6/9/2016 11:54:25 AM "," 3.279998 ","6/9/2016 11:56:25 AM "," 4.419997 ","6/9/2016 12:00:25 PM "," 2.279999 ","6/9/2016 12:02:25 PM "," 2.999999 ","6/9/2016 12:04:25 PM "," 2.439999 ","6/9/2016 12:06:25 PM "," 4.479997 ",""
"213"," 3.919997 ","6/9/2016 12:10:25 PM ","6/9/2016 12:12:25 PM "," 4.559997 ","6/9/2016 12:14:25 PM "," 3.299998 ","6/9/2016 12:16:25 PM "," 4.439997 ","6/9/2016 12:20:25 PM "," 2.279999 ","6/9/2016 12:22:25 PM "," 2.999999 ","6/9/2016 12:24:25 PM "," 2.439999 ","6/9/2016 12:26:25 PM "," 4.479997 ",""
"214"," 3.919997 ","6/9/2016 12:30:25 PM ","6/9/2016 12:32:25 PM "," 4.559997 ","6/9/2016 12:34:25 PM "," 3.299998 ","6/9/2016 12:36:25 PM "," 4.459997 ","6/9/2016 12:40:25 PM "," 2.279999 ","6/9/2016 12:42:25 PM "," 3.039999 ","6/9/2016 12:44:25 PM "," 2.439999 ","6/9/2016 12:46:25 PM "," 4.519997 ",""
"215"," 3.919997 ","6/9/2016 12:50:25 PM ","6/9/2016 12:52:25 PM "," 4.559997 ","6/9/2016 12:54:25 PM "," 3.299998 ","6/9/2016 12:56:25 PM "," 4.459997 ","6/9/2016 1:00:25 PM "," 2.279999 ","6/9/2016 1:02:25 PM "," 3.039999 ","6/9/2016 1:04:25 PM "," 2.499999 ","6/9/2016 1:06:25 PM "," 4.519997 ",""
"216"," 3.939997 ","6/9/2016 1:10:25 PM ","6/9/2016 1:12:25 PM "," 4.579997 ","6/9/2016 1:14:25 PM "," 3.299998 ","6/9/2016 1:16:25 PM "," 4.479997 ","6/9/2016 1:20:25 PM "," 2.279999 ","6/9/2016 1:22:25 PM "," 3.039999 ","6/9/2016 1:24:25 PM "," 2.499999 ","6/9/2016 1:26:25 PM "," 4.519997 ",""
"217"," 3.939997 ","6/9/2016 1:30:25 PM ","6/9/2016 1:32:25 PM "," 4.579997 ","6/9/2016 1:34:25 PM "," 3.339998 ","6/9/2016 1:36:25 PM "," 4.519997 ","6/9/2016 1:40:25 PM "," 2.279999 ","6/9/2016 1:42:25 PM "," 3.039999 ","6/9/2016 1:44:25 PM "," 2.499999 ","6/9/2016 1:46:25 PM "," 4.539997 ",""
"218"," 3.939997 ","6/9/2016 1:50:25 PM ","6/9/2016 1:52:25 PM "," 4.579997 ","6/9/2016 1:54:25 PM "," 3.339998 ","6/9/2016 1:56:25 PM "," 4.519997 ","6/9/2016 2:00:25 PM "," 2.299999 ","6/9/2016 2:02:25 PM "," 3.059999 ","6/9/2016 2:04:25 PM "," 2.499999 ","6/9/2016 2:06:25 PM "," 4.579997 ",""
"219"," 3.939997 ","6/9/2016 2:10:25 PM ","6/9/2016 2:12:25 PM "," 4.639997 ","6/9/2016 2:14:25 PM "," 3.339998 ","6/9/2016 2:16:25 PM "," 4.519997 ","6/9/2016 2:20:25 PM "," 2.299999 ","6/9/2016 2:22:25 PM "," 3.059999 ","6/9/2016 2:24:25 PM "," 2.499999 ","6/9/2016 2:26:25 PM "," 4.579997 ",""
"220"," 3.939997 ","6/9/2016 2:30:25 PM ","6/9/2016 2:32:25 PM "," 4.639997 ","6/9/2016 2:34:25 PM "," 3.339998 ","6/9/2016 2:36:25 PM "," 4.519997 ","6/9/2016 2:40:25 PM "," 2.299999 ","6/9/2016 2:42:25 PM "," 3.059999 ","6/9/2016 2:44:25 PM "," 2.499999 ","6/9/2016 2:46:25 PM "," 4.599997 ",""
"221"," 3.939997 ","6/9/2016 2:50:25 PM ","6/9/2016 2:52:25 PM "," 4.639997 ","6/9/2016 2:54:25 PM "," 3.339998 ","6/9/2016 2:56:25 PM "," 4.519997 ","6/9/2016 3:00:25 PM "," 2.339999 ","6/9/2016 3:02:25 PM "," 3.119998 ","6/9/2016 3:04:25 PM "," 2.499999 ","6/9/2016 3:06:25 PM "," 4.599997 ",""
"222"," 3.939997 ","6/9/2016 3:10:25 PM ","6/9/2016 3:12:25 PM "," 4.659997 ","6/9/2016 3:14:25 PM "," 3.339998 ","6/9/2016 3:16:25 PM "," 4.559997 ","6/9/2016 3:20:25 PM "," 2.339999 ","6/9/2016 3:22:25 PM "," 3.119998 ","6/9/2016 3:24:25 PM "," 2.499999 ","6/9/2016 3:26:25 PM "," 4.599997 ",""
"223"," 3.959997 ","6/9/2016 3:30:25 PM ","6/9/2016 3:32:25 PM "," 4.659997 ","6/9/2016 3:34:25 PM "," 3.339998 ","6/9/2016 3:36:25 PM "," 4.559997 ","6/9/2016 3:40:25 PM "," 2.339999 ","6/9/2016 3:42:25 PM "," 3.119998 ","6/9/2016 3:44:25 PM "," 2.499999 ","6/9/2016 3:46:25 PM "," 4.619997 ",""
"224"," 3.959997 ","6/9/2016 3:50:25 PM ","6/9/2016 3:52:25 PM "," 4.659997 ","6/9/2016 3:54:25 PM "," 3.359998 ","6/9/2016 3:56:25 PM "," 4.599997 ","6/9/2016 4:00:25 PM "," 2.339999 ","6/9/2016 4:02:25 PM "," 3.179998 ","6/9/2016 4:04:25 PM "," 2.499999 ","6/9/2016 4:06:25 PM "," 4.639997 ",""
"225"," 3.959997 ","6/9/2016 4:10:25 PM ","6/9/2016 4:12:25 PM "," 4.659997 ","6/9/2016 4:14:25 PM "," 3.359998 ","6/9/2016 4:16:25 PM "," 4.599997 ","6/9/2016 4:20:25 PM "," 2.339999 ","6/9/2016 4:22:25 PM "," 3.179998 ","6/9/2016 4:24:25 PM "," 2.499999 ","6/9/2016 4:26:25 PM "," 4.639997 ",""
"226"," 3.979997 ","6/9/2016 4:30:25 PM ","6/9/2016 4:32:25 PM "," 4.659997 ","6/9/2016 4:34:25 PM "," 3.359998 ","6/9/2016 4:36:25 PM "," 4.619997 ","6/9/2016 4:40:25 PM "," 2.359999 ","6/9/2016 4:42:25 PM "," 3.259998 ","6/9/2016 4:44:25 PM "," 2.499999 ","6/9/2016 4:46:25 PM "," 4.699997 ",""
"227"," 3.979997 ","6/9/2016 4:50:25 PM ","6/9/2016 4:52:25 PM "," 4.659997 ","6/9/2016 4:54:25 PM "," 3.359998 ","6/9/2016 4:56:25 PM "," 4.639997 ","6/9/2016 5:00:25 PM "," 2.359999 ","6/9/2016 5:02:25 PM "," 3.259998 ","6/9/2016 5:04:25 PM "," 2.499999 ","6/9/2016 5:06:25 PM "," 4.699997 ",""
"228"," 3.999997 ","6/9/2016 5:10:25 PM ","6/9/2016 5:12:25 PM "," 4.719997 ","6/9/2016 5:14:25 PM "," 3.399998 ","6/9/2016 5:16:25 PM "," 4.659997 ","6/9/2016 5:20:25 PM "," 2.359999 ","6/9/2016 5:22:25 PM "," 3.299998 ","6/9/2016 5:24:25 PM "," 2.499999 ","6/9/2016 5:26:25 PM "," 4.719997 ",""
"229"," 4.019998 ","6/9/2016 5:30:25 PM ","6/9/2016 5:32:25 PM "," 4.719997 ","6/9/2016 5:34:25 PM "," 3.399998 ","6/9/2016 5:36:25 PM "," 4.659997 ","6/9/2016 5:40:25 PM "," 2.359999 ","6/9/2016 5:42:25 PM "," 3.339998 ","6/9/2016 5:44:25 PM "," 2.499999 ","6/9/2016 5:46:25 PM "," 4.739997 ",""
"230"," 4.019998 ","6/9/2016 5:50:25 PM ","6/9/2016 5:52:25 PM "," 4.719997 ","6/9/2016 5:54:25 PM "," 3.419998 ","6/9/2016 5:56:25 PM "," 4.659997 ","6/9/2016 6:00:25 PM "," 2.359999 ","6/9/2016 6:02:25 PM "," 3.339998 ","6/9/2016 6:04:25 PM "," 2.499999 ","6/9/2016 6:06:25 PM "," 4.779997 ",""
"231"," 4.059998 ","6/9/2016 6:10:25 PM ","6/9/2016 6:12:25 PM "," 4.739997 ","6/9/2016 6:14:25 PM "," 3.439998 ","6/9/2016 6:16:25 PM "," 4.659997 ","6/9/2016 6:20:25 PM "," 2.359999 ","6/9/2016 6:22:25 PM "," 3.359998 ","6/9/2016 6:24:25 PM "," 2.539999 ","6/9/2016 6:26:25 PM "," 4.819997 ",""
"232"," 4.059998 ","6/9/2016 6:30:25 PM ","6/9/2016 6:32:25 PM "," 4.759997 ","6/9/2016 6:34:25 PM "," 3.439998 ","6/9/2016 6:36:25 PM "," 4.659997 ","6/9/2016 6:40:25 PM "," 2.399999 ","6/9/2016 6:42:25 PM "," 3.399998 ","6/9/2016 6:44:25 PM "," 2.539999 ","6/9/2016 6:46:25 PM "," 4.839997 ",""
"233"," 4.099998 ","6/9/2016 6:50:25 PM ","6/9/2016 6:52:25 PM "," 4.839997 ","6/9/2016 6:54:25 PM "," 3.439998 ","6/9/2016 6:56:25 PM "," 4.679997 ","6/9/2016 7:00:25 PM "," 2.399999 ","6/9/2016 7:02:25 PM "," 3.399998 ","6/9/2016 7:04:25 PM "," 2.539999 ","6/9/2016 7:06:25 PM "," 4.879997 ",""
"234"," 4.119998 ","6/9/2016 7:10:25 PM ","6/9/2016 7:12:25 PM "," 4.839997 ","6/9/2016 7:14:25 PM "," 3.439998 ","6/9/2016 7:16:25 PM "," 4.679997 ","6/9/2016 7:20:25 PM "," 2.399999 ","6/9/2016 7:22:25 PM "," 3.419998 ","6/9/2016 7:24:25 PM "," 2.539999 ","6/9/2016 7:26:25 PM "," 4.879997 ",""
"235"," 4.119998 ","6/9/2016 7:30:25 PM ","6/9/2016 7:32:25 PM "," 4.839997 ","6/9/2016 7:34:25 PM "," 3.439998 ","6/9/2016 7:36:25 PM "," 4.679997 ","6/9/2016 7:40:25 PM "," 2.399999 ","6/9/2016 7:42:25 PM "," 3.419998 ","6/9/2016 7:44:25 PM "," 2.539999 ","6/9/2016 7:46:25 PM "," 4.879997 ",""
"236"," 4.139997 ","6/9/2016 7:50:25 PM ","6/9/2016 7:52:25 PM "," 4.839997 ","6/9/2016 7:54:25 PM "," 3.439998 ","6/9/2016 7:56:25 PM "," 4.679997 ","6/9/2016 8:00:25 PM "," 2.399999 ","6/9/2016 8:02:25 PM "," 3.419998 ","6/9/2016 8:04:25 PM "," 2.539999 ","6/9/2016 8:06:25 PM "," 4.899997 ",""
"237"," 4.139997 ","6/9/2016 8:10:25 PM ","6/9/2016 8:12:25 PM "," 4.839997 ","6/9/2016 8:14:25 PM "," 3.439998 ","6/9/2016 8:16:25 PM "," 4.679997 ","6/9/2016 8:20:25 PM "," 2.419999 ","6/9/2016 8:22:25 PM "," 3.419998 ","6/9/2016 8:24:25 PM "," 2.539999 ","6/9/2016 8:26:25 PM "," 4.899997 ",""
"238"," 4.139997 ","6/9/2016 8:30:25 PM ","6/9/2016 8:32:25 PM "," 4.859997 ","6/9/2016 8:34:25 PM "," 3.459998 ","6/9/2016 8:36:25 PM "," 4.679997 ","6/9/2016 8:40:25 PM "," 2.419999 ","6/9/2016 8:42:25 PM "," 3.419998 ","6/9/2016 8:44:25 PM "," 2.539999 ","6/9/2016 8:46:25 PM "," 4.919997 ",""
"239"," 4.139997 ","6/9/2016 8:50:25 PM ","6/9/2016 8:52:25 PM "," 4.859997 ","6/9/2016 8:54:25 PM "," 3.459998 ","6/9/2016 8:56:25 PM "," 4.679997 ","6/9/2016 9:00:25 PM "," 2.419999 ","6/9/2016 9:02:25 PM "," 3.419998 ","6/9/2016 9:04:25 PM "," 2.539999 ","6/9/2016 9:06:25 PM "," 4.919997 ",""
"240"," 4.139997 ","6/9/2016 9:10:25 PM ","6/9/2016 9:12:25 PM "," 4.859997 ","6/9/2016 9:14:25 PM "," 3.459998 ","6/9/2016 9:16:25 PM "," 4.699997 ","6/9/2016 9:20:25 PM "," 2.419999 ","6/9/2016 9:22:25 PM "," 3.439998 ","6/9/2016 9:24:25 PM "," 2.539999 ","6/9/2016 9:26:25 PM "," 4.919997 ",""
"241"," 4.139997 ","6/9/2016 9:30:25 PM ","6/9/2016 9:32:25 PM "," 4.859997 ","6/9/2016 9:34:25 PM "," 3.459998 ","6/9/2016 9:36:25 PM "," 4.699997 ","6/9/2016 9:40:25 PM "," 2.419999 ","6/9/2016 9:42:25 PM "," 3.439998 ","6/9/2016 9:44:25 PM "," 2.539999 ","6/9/2016 9:46:25 PM "," 4.939997 ",""
"242"," 4.139997 ","6/9/2016 9:50:25 PM ","6/9/2016 9:52:25 PM "," 4.859997 ","6/9/2016 9:54:25 PM "," 3.459998 ","6/9/2016 9:56:25 PM "," 4.699997 ","6/9/2016 10:00:25 PM "," 2.419999 ","6/9/2016 10:02:25 PM "," 3.439998 ","6/9/2016 10:04:25 PM "," 2.539999 ","6/9/2016 10:06:25 PM "," 4.939997 ",""
"243"," 4.159997 ","6/9/2016 10:10:25 PM ","6/9/2016 10:12:25 PM "," 4.879997 ","6/9/2016 10:14:25 PM "," 3.459998 ","6/9/2016 10:16:25 PM "," 4.699997 ","6/9/2016 10:20:25 PM "," 2.419999 ","6/9/2016 10:22:25 PM "," 3.439998 ","6/9/2016 10:24:25 PM "," 2.539999 ","6/9/2016 10:26:25 PM "," 4.939997 ",""
"244"," 4.159997 ","6/9/2016 10:30:25 PM ","6/9/2016 10:32:25 PM "," 4.879997 ","6/9/2016 10:34:25 PM "," 3.459998 ","6/9/2016 10:36:25 PM "," 4.699997 ","6/9/2016 10:40:25 PM "," 2.439999 ","6/9/2016 10:42:25 PM "," 3.439998 ","6/9/2016 10:44:25 PM "," 2.539999 ","6/9/2016 10:46:25 PM "," 4.959997 ",""
"245"," 4.219997 ","6/9/2016 10:50:25 PM ","6/9/2016 10:52:25 PM "," 4.879997 ","6/9/2016 10:54:25 PM "," 3.459998 ","6/9/2016 10:56:25 PM "," 4.699997 ","6/9/2016 11:00:25 PM "," 2.439999 ","6/9/2016 11:02:25 PM "," 3.439998 ","6/9/2016 11:04:25 PM "," 2.539999 ","6/9/2016 11:06:25 PM "," 4.959997 ",""
"246"," 4.219997 ","6/9/2016 11:10:25 PM ","6/9/2016 11:12:25 PM "," 4.879997 ","6/9/2016 11:14:25 PM "," 3.479998 ","6/9/2016 11:16:25 PM "," 4.719997 ","6/9/2016 11:20:25 PM "," 2.439999 ","6/9/2016 11:22:25 PM "," 3.459998 ","6/9/2016 11:24:25 PM "," 2.539999 ","6/9/2016 11:26:25 PM "," 4.959997 ",""
"247"," 4.219997 ","6/9/2016 11:30:25 PM ","6/9/2016 11:32:25 PM "," 4.899997 ","6/9/2016 11:34:25 PM "," 3.479998 ","6/9/2016 11:36:25 PM "," 4.719997 ","6/9/2016 11:40:25 PM "," 2.439999 ","6/9/2016 11:42:25 PM "," 3.459998 ","6/9/2016 11:44:25 PM "," 2.539999 ","6/9/2016 11:46:25 PM "," 4.959997 ",""
"248"," 4.219997 ","6/9/2016 11:50:25 PM ","6/9/2016 11:52:25 PM "," 4.919997 ","6/9/2016 11:54:25 PM "," 3.479998 ","6/9/2016 11:56:25 PM "," 4.719997 ","6/10/2016 12:00:25 AM "," 2.439999 ","6/10/2016 12:02:25 AM "," 3.459998 ","6/10/2016 12:04:25 AM "," 2.539999 ","6/10/2016 12:06:25 AM "," 4.979997 ",""
"249"," 4.219997 ","6/10/2016 12:10:25 AM ","6/10/2016 12:12:25 AM "," 4.919997 ","6/10/2016 12:14:25 AM "," 3.499998 ","6/10/2016 12:16:25 AM "," 4.779997 ","6/10/2016 12:20:25 AM "," 2.439999 ","6/10/2016 12:22:25 AM "," 3.459998 ","6/10/2016 12:24:25 AM "," 2.539999 ","6/10/2016 12:26:25 AM "," 4.979997 ",""
"250"," 4.219997 ","6/10/2016 12:30:25 AM ","6/10/2016 12:32:25 AM "," 4.919997 ","6/10/2016 12:34:25 AM "," 3.499998 ","6/10/2016 12:36:25 AM "," 4.779997 ","6/10/2016 12:40:25 AM "," 2.459999 ","6/10/2016 12:42:25 AM "," 3.459998 ","6/10/2016 12:44:25 AM "," 2.539999 ","6/10/2016 12:46:25 AM "," 4.979997 ",""
"251"," 4.259997 ","6/10/2016 12:50:25 AM ","6/10/2016 12:52:25 AM "," 4.919997 ","6/10/2016 12:54:25 AM "," 3.499998 ","6/10/2016 12:56:25 AM "," 4.839997 ","6/10/2016 1:00:25 AM "," 2.459999 ","6/10/2016 1:02:25 AM "," 3.519998 ","6/10/2016 1:04:25 AM "," 2.539999 ","6/10/2016 1:06:25 AM "," 4.999997 ",""
"252"," 4.259997 ","6/10/2016 1:10:25 AM ","6/10/2016 1:12:25 AM "," 4.919997 ","6/10/2016 1:14:25 AM "," 3.539998 ","6/10/2016 1:16:25 AM "," 4.839997 ","6/10/2016 1:20:25 AM "," 2.459999 ","6/10/2016 1:22:25 AM "," 3.519998 ","6/10/2016 1:24:25 AM "," 2.599999 ","6/10/2016 1:26:25 AM "," 4.999997 ",""
"253"," 4.319997 ","6/10/2016 1:30:25 AM ","6/10/2016 1:32:25 AM "," 4.919997 ","6/10/2016 1:34:25 AM "," 3.539998 ","6/10/2016 1:36:25 AM "," 4.839997 ","6/10/2016 1:40:25 AM "," 2.479999 ","6/10/2016 1:42:25 AM "," 3.519998 ","6/10/2016 1:44:25 AM "," 2.599999 ","6/10/2016 1:46:25 AM "," 4.999997 ",""
"254"," 4.339997 ","6/10/2016 1:50:25 AM ","6/10/2016 1:52:25 AM "," 4.919997 ","6/10/2016 1:54:25 AM "," 3.559998 ","6/10/2016 1:56:25 AM "," 4.839997 ","6/10/2016 2:00:25 AM "," 2.499999 ","6/10/2016 2:02:25 AM "," 3.519998 ","6/10/2016 2:04:25 AM "," 2.599999 ","6/10/2016 2:06:25 AM "," 4.999997 ",""
"255"," 4.339997 ","6/10/2016 2:10:25 AM ","6/10/2016 2:12:25 AM "," 4.919997 ","6/10/2016 2:14:25 AM "," 3.559998 ","6/10/2016 2:16:25 AM "," 4.879997 ","6/10/2016 2:20:25 AM "," 2.499999 ","6/10/2016 2:22:25 AM "," 3.519998 ","6/10/2016 2:24:25 AM "," 2.599999 ","6/10/2016 2:26:25 AM "," 5.019997 ",""
"256"," 4.339997 ","6/10/2016 2:30:25 AM ","6/10/2016 2:32:25 AM "," 4.939997 ","6/10/2016 2:34:25 AM "," 3.579998 ","6/10/2016 2:36:25 AM "," 4.899997 ","6/10/2016 2:40:25 AM "," 2.499999 ","6/10/2016 2:42:25 AM "," 3.519998 ","6/10/2016 2:44:25 AM "," 2.599999 ","6/10/2016 2:46:25 AM "," 5.019997 ",""
"257"," 4.339997 ","6/10/2016 2:50:25 AM ","6/10/2016 2:52:25 AM "," 4.959997 ","6/10/2016 2:54:25 AM "," 3.599998 ","6/10/2016 2:56:25 AM "," 4.939997 ","6/10/2016 3:00:25 AM "," 2.499999 ","6/10/2016 3:02:25 AM "," 3.579998 ","6/10/2016 3:04:25 AM "," 2.599999 ","6/10/2016 3:06:25 AM "," 5.019997 ",""
"258"," 4.359997 ","6/10/2016 3:10:25 AM ","6/10/2016 3:12:25 AM "," 4.959997 ","6/10/2016 3:14:25 AM "," 3.599998 ","6/10/2016 3:16:25 AM "," 4.959997 ","6/10/2016 3:20:25 AM "," 2.499999 ","6/10/2016 3:22:25 AM "," 3.579998 ","6/10/2016 3:24:25 AM "," 2.599999 ","6/10/2016 3:26:25 AM "," 5.019997 ",""
"259"," 4.359997 ","6/10/2016 3:30:25 AM ","6/10/2016 3:32:25 AM "," 4.959997 ","6/10/2016 3:34:25 AM "," 3.619998 ","6/10/2016 3:36:25 AM "," 4.959997 ","6/10/2016 3:40:25 AM "," 2.519999 ","6/10/2016 3:42:25 AM "," 3.579998 ","6/10/2016 3:44:25 AM "," 2.599999 ","6/10/2016 3:46:25 AM "," 5.039997 ",""
"260"," 4.359997 ","6/10/2016 3:50:25 AM ","6/10/2016 3:52:25 AM "," 4.979997 ","6/10/2016 3:54:25 AM "," 3.619998 ","6/10/2016 3:56:25 AM "," 4.959997 ","6/10/2016 4:00:25 AM "," 2.519999 ","6/10/2016 4:02:25 AM "," 3.579998 ","6/10/2016 4:04:25 AM "," 2.599999 ","6/10/2016 4:06:25 AM "," 5.039997 ",""
"261"," 4.359997 ","6/10/2016 4:10:25 AM ","6/10/2016 4:12:25 AM "," 5.039997 ","6/10/2016 4:14:25 AM "," 3.619998 ","6/10/2016 4:16:25 AM "," 4.959997 ","6/10/2016 4:20:25 AM "," 2.539999 ","6/10/2016 4:22:25 AM "," 3.579998 ","6/10/2016 4:24:25 AM "," 2.599999 ","6/10/2016 4:26:25 AM "," 5.039997 ",""
"262"," 4.359997 ","6/10/2016 4:30:25 AM ","6/10/2016 4:32:25 AM "," 5.039997 ","6/10/2016 4:34:25 AM "," 3.639997 ","6/10/2016 4:36:25 AM "," 4.959997 ","6/10/2016 4:40:25 AM "," 2.539999 ","6/10/2016 4:42:25 AM "," 3.579998 ","6/10/2016 4:44:25 AM "," 2.599999 ","6/10/2016 4:46:25 AM "," 5.059997 ",""
"263"," 4.399997 ","6/10/2016 4:50:25 AM ","6/10/2016 4:52:25 AM "," 5.059997 ","6/10/2016 4:54:25 AM "," 3.639997 ","6/10/2016 4:56:25 AM "," 4.959997 ","6/10/2016 5:00:25 AM "," 2.539999 ","6/10/2016 5:02:25 AM "," 3.579998 ","6/10/2016 5:04:25 AM "," 2.599999 ","6/10/2016 5:06:25 AM "," 5.059997 ",""
"264"," 4.399997 ","6/10/2016 5:10:25 AM ","6/10/2016 5:12:25 AM "," 5.079997 ","6/10/2016 5:14:25 AM "," 3.659997 ","6/10/2016 5:16:25 AM "," 4.979997 ","6/10/2016 5:20:25 AM "," 2.539999 ","6/10/2016 5:22:25 AM "," 3.579998 ","6/10/2016 5:24:25 AM "," 2.599999 ","6/10/2016 5:26:25 AM "," 5.059997 ",""
"265"," 4.399997 ","6/10/2016 5:30:25 AM ","6/10/2016 5:32:25 AM "," 5.079997 ","6/10/2016 5:34:25 AM "," 3.659997 ","6/10/2016 5:36:25 AM "," 4.999997 ","6/10/2016 5:40:25 AM "," 2.539999 ","6/10/2016 5:42:25 AM "," 3.579998 ","6/10/2016 5:44:25 AM "," 2.599999 ","6/10/2016 5:46:25 AM "," 5.139997 ",""
"266"," 4.399997 ","6/10/2016 5:50:25 AM ","6/10/2016 5:52:25 AM "," 5.079997 ","6/10/2016 5:54:25 AM "," 3.659997 ","6/10/2016 5:56:25 AM "," 4.999997 ","6/10/2016 6:00:25 AM "," 2.559999 ","6/10/2016 6:02:25 AM "," 3.659998 ","6/10/2016 6:04:25 AM "," 2.599999 ","6/10/2016 6:06:25 AM "," 5.159997 ",""
"267"," 4.419997 ","6/10/2016 6:10:25 AM ","6/10/2016 6:12:25 AM "," 5.119997 ","6/10/2016 6:14:25 AM "," 3.659997 ","6/10/2016 6:16:25 AM "," 4.999997 ","6/10/2016 6:20:25 AM "," 2.559999 ","6/10/2016 6:22:25 AM "," 3.659998 ","6/10/2016 6:24:25 AM "," 2.599999 ","6/10/2016 6:26:25 AM "," 5.159997 ",""
"268"," 4.419997 ","6/10/2016 6:30:25 AM ","6/10/2016 6:32:25 AM "," 5.159997 ","6/10/2016 6:34:25 AM "," 3.659997 ","6/10/2016 6:36:25 AM "," 4.999997 ","6/10/2016 6:40:25 AM "," 2.559999 ","6/10/2016 6:42:25 AM "," 3.659998 ","6/10/2016 6:44:25 AM "," 2.599999 ","6/10/2016 6:46:25 AM "," 5.219996 ",""
"269"," 4.419997 ","6/10/2016 6:50:25 AM ","6/10/2016 6:52:25 AM "," 5.179996 ","6/10/2016 6:54:25 AM "," 3.679997 ","6/10/2016 6:56:25 AM "," 4.999997 ","6/10/2016 7:00:25 AM "," 2.559999 ","6/10/2016 7:02:25 AM "," 3.659998 ","6/10/2016 7:04:25 AM "," 2.599999 ","6/10/2016 7:06:25 AM "," 5.219996 ",""
"270"," 4.419997 ","6/10/2016 7:10:25 AM ","6/10/2016 7:12:25 AM "," 5.179996 ","6/10/2016 7:14:25 AM "," 3.679997 ","6/10/2016 7:16:25 AM "," 5.039997 ","6/10/2016 7:20:25 AM "," 2.559999 ","6/10/2016 7:22:25 AM "," 3.799998 ","6/10/2016 7:24:25 AM "," 2.599999 ","6/10/2016 7:26:25 AM "," 5.319996 ",""
"271"," 4.699997 ","6/10/2016 7:30:25 AM ","6/10/2016 7:32:25 AM "," 5.439997 ","6/10/2016 7:34:25 AM "," 3.939997 ","6/10/2016 7:36:25 AM "," 5.299996 ","6/10/2016 7:40:25 AM "," 2.559999 ","6/10/2016 7:42:25 AM "," 3.979998 ","6/10/2016 7:44:25 AM "," 2.599999 ","6/10/2016 7:46:25 AM "," 5.579996 ",""
"272"," 4.759997 ","6/10/2016 7:50:25 AM ","6/10/2016 7:52:25 AM "," 5.599997 ","6/10/2016 7:54:25 AM "," 4.019998 ","6/10/2016 7:56:25 AM "," 5.299996 ","6/10/2016 8:00:25 AM "," 2.559999 ","6/10/2016 8:02:25 AM "," 4.119998 ","6/10/2016 8:04:25 AM "," 2.919999 ","6/10/2016 8:06:25 AM "," 5.579996 ",""
"273"," 4.939997 ","6/10/2016 8:10:25 AM ","6/10/2016 8:12:25 AM "," 5.739996 ","6/10/2016 8:14:25 AM "," 4.079998 ","6/10/2016 8:16:25 AM "," 5.399996 ","6/10/2016 8:20:25 AM "," 2.579998 ","6/10/2016 8:22:25 AM "," 4.179998 ","6/10/2016 8:24:25 AM "," 3.259999 ","6/10/2016 8:26:25 AM "," 5.599996 ",""
"274"," 4.939997 ","6/10/2016 8:30:25 AM ","6/10/2016 8:32:25 AM "," 5.779996 ","6/10/2016 8:34:25 AM "," 4.079998 ","6/10/2016 8:36:25 AM "," 5.399996 ","6/10/2016 8:40:25 AM "," 2.699998 ","6/10/2016 8:42:25 AM "," 4.179998 ","6/10/2016 8:44:25 AM "," 3.259999 ","6/10/2016 8:46:25 AM "," 5.759996 ",""
"275"," 4.939997 ","6/10/2016 8:50:25 AM ","6/10/2016 8:52:25 AM "," 5.779996 ","6/10/2016 8:54:25 AM "," 4.079998 ","6/10/2016 8:56:25 AM "," 5.399996 ","6/10/2016 9:00:25 AM "," 2.759998 ","6/10/2016 9:02:25 AM "," 4.179998 ","6/10/2016 9:04:25 AM "," 3.299999 ","6/10/2016 9:06:25 AM "," 5.819996 ",""
"276"," 4.979997 ","6/10/2016 9:10:25 AM ","6/10/2016 9:12:25 AM "," 5.779996 ","6/10/2016 9:14:25 AM "," 4.099998 ","6/10/2016 9:16:25 AM "," 5.539996 ","6/10/2016 9:20:25 AM "," 2.779998 ","6/10/2016 9:22:25 AM "," 4.179998 ","6/10/2016 9:24:25 AM "," 3.299999 ","6/10/2016 9:26:25 AM "," 5.919996 ",""
"277"," 5.099997 ","6/10/2016 9:30:25 AM ","6/10/2016 9:32:25 AM "," 5.799996 ","6/10/2016 9:34:25 AM "," 4.299997 ","6/10/2016 9:36:25 AM "," 5.539996 ","6/10/2016 9:40:25 AM "," 2.779998 ","6/10/2016 9:42:25 AM "," 4.259998 ","6/10/2016 9:44:25 AM "," 3.299999 ","6/10/2016 9:46:25 AM "," 5.919996 ",""
"278"," 5.099997 ","6/10/2016 9:50:25 AM ","6/10/2016 9:52:25 AM "," 5.899996 ","6/10/2016 9:54:25 AM "," 4.319997 ","6/10/2016 9:56:25 AM "," 5.599996 ","6/10/2016 10:00:25 AM "," 2.919998 ","6/10/2016 10:02:25 AM "," 4.259998 ","6/10/2016 10:04:25 AM "," 3.359999 ","6/10/2016 10:06:25 AM "," 5.939996 ",""
"279"," 5.099997 ","6/10/2016 10:10:25 AM ","6/10/2016 10:12:25 AM "," 5.899996 ","6/10/2016 10:14:25 AM "," 4.319997 ","6/10/2016 10:16:25 AM "," 5.719996 ","6/10/2016 10:20:25 AM "," 2.919998 ","6/10/2016 10:22:25 AM "," 4.259998 ","6/10/2016 10:24:25 AM "," 3.439999 ","6/10/2016 10:26:25 AM "," 5.939996 ",""
"280"," 5.099997 ","6/10/2016 10:30:25 AM ","6/10/2016 10:32:25 AM "," 5.919996 ","6/10/2016 10:34:25 AM "," 4.319997 ","6/10/2016 10:36:25 AM "," 5.759996 ","6/10/2016 10:40:25 AM "," 2.919998 ","6/10/2016 10:42:25 AM "," 4.339998 ","6/10/2016 10:44:25 AM "," 3.479999 ","6/10/2016 10:46:25 AM "," 5.939996 ",""
"281"," 5.199997 ","6/10/2016 10:50:25 AM ","6/10/2016 10:52:25 AM "," 5.959996 ","6/10/2016 10:54:25 AM "," 4.319997 ","6/10/2016 10:56:25 AM "," 5.759996 ","6/10/2016 11:00:25 AM "," 2.939998 ","6/10/2016 11:02:25 AM "," 4.439998 ","6/10/2016 11:04:25 AM "," 3.479999 ","6/10/2016 11:06:25 AM "," 6.099996 ",""
"282"," 5.299997 ","6/10/2016 11:10:25 AM ","6/10/2016 11:12:25 AM "," 5.999996 ","6/10/2016 11:14:25 AM "," 4.319997 ","6/10/2016 11:16:25 AM "," 5.759996 ","6/10/2016 11:20:25 AM "," 2.939998 ","6/10/2016 11:22:25 AM "," 4.439998 ","6/10/2016 11:24:25 AM "," 3.479999 ","6/10/2016 11:26:25 AM "," 6.099996 ",""
"283"," 5.299997 ","6/10/2016 11:30:25 AM ","6/10/2016 11:32:25 AM "," 5.999996 ","6/10/2016 11:34:25 AM "," 4.459997 ","6/10/2016 11:36:25 AM "," 5.839996 ","6/10/2016 11:40:25 AM "," 2.959998 ","6/10/2016 11:42:25 AM "," 4.439998 ","6/10/2016 11:44:25 AM "," 3.479999 ","6/10/2016 11:46:25 AM "," 6.099996 ",""
"284"," 5.359997 ","6/10/2016 11:50:25 AM ","6/10/2016 11:52:25 AM "," 5.999996 ","6/10/2016 11:54:25 AM "," 4.519997 ","6/10/2016 11:56:25 AM "," 5.839996 ","6/10/2016 12:00:25 PM "," 3.059998 ","6/10/2016 12:02:25 PM "," 4.439998 ","6/10/2016 12:04:25 PM "," 3.499999 ","6/10/2016 12:06:25 PM "," 6.099996 ",""
"285"," 5.379997 ","6/10/2016 12:10:25 PM ","6/10/2016 12:12:25 PM "," 5.999996 ","6/10/2016 12:14:25 PM "," 4.519997 ","6/10/2016 12:16:25 PM "," 5.839996 ","6/10/2016 12:20:25 PM "," 3.059998 ","6/10/2016 12:22:25 PM "," 4.459998 ","6/10/2016 12:24:25 PM "," 3.499999 ","6/10/2016 12:26:25 PM "," 6.119996 ",""
"286"," 5.379997 ","6/10/2016 12:30:25 PM ","6/10/2016 12:32:25 PM "," 6.059996 ","6/10/2016 12:34:25 PM "," 4.519997 ","6/10/2016 12:36:25 PM "," 5.939996 ","6/10/2016 12:40:25 PM "," 3.059998 ","6/10/2016 12:42:25 PM "," 4.519998 ","6/10/2016 12:44:25 PM "," 3.559999 ","6/10/2016 12:46:25 PM "," 6.119996 ",""
"287"," 5.379997 ","6/10/2016 12:50:25 PM ","6/10/2016 12:52:25 PM "," 6.099996 ","6/10/2016 12:54:25 PM "," 4.519997 ","6/10/2016 12:56:25 PM "," 5.939996 ","6/10/2016 1:00:25 PM "," 3.079998 ","6/10/2016 1:02:25 PM "," 4.539998 ","6/10/2016 1:04:25 PM "," 3.599998 ","6/10/2016 1:06:25 PM "," 6.199996 ",""
"288"," 5.379997 ","6/10/2016 1:10:25 PM ","6/10/2016 1:12:25 PM "," 6.099996 ","6/10/2016 1:14:25 PM "," 4.519997 ","6/10/2016 1:16:25 PM "," 5.939996 ","6/10/2016 1:20:25 PM "," 3.079998 ","6/10/2016 1:22:25 PM "," 4.539998 ","6/10/2016 1:24:25 PM "," 3.619998 ","6/10/2016 1:26:25 PM "," 6.319995 ",""
"289"," 5.439997 ","6/10/2016 1:30:25 PM ","6/10/2016 1:32:25 PM "," 6.119996 ","6/10/2016 1:34:25 PM "," 4.539997 ","6/10/2016 1:36:25 PM "," 5.979996 ","6/10/2016 1:40:25 PM "," 3.079998 ","6/10/2016 1:42:25 PM "," 4.539998 ","6/10/2016 1:44:25 PM "," 3.619998 ","6/10/2016 1:46:25 PM "," 6.319995 ",""
"290"," 5.499997 ","6/10/2016 1:50:25 PM ","6/10/2016 1:52:25 PM "," 6.179996 ","6/10/2016 1:54:25 PM "," 4.559997 ","6/10/2016 1:56:25 PM "," 6.019996 ","6/10/2016 2:00:25 PM "," 3.159998 ","6/10/2016 2:02:25 PM "," 4.539998 ","6/10/2016 2:04:25 PM "," 3.619998 ","6/10/2016 2:06:25 PM "," 6.319995 ",""
"291"," 5.499997 ","6/10/2016 2:10:25 PM ","6/10/2016 2:12:25 PM "," 6.179996 ","6/10/2016 2:14:25 PM "," 4.559997 ","6/10/2016 2:16:25 PM "," 6.019996 ","6/10/2016 2:20:25 PM "," 3.159998 ","6/10/2016 2:22:25 PM "," 4.619998 ","6/10/2016 2:24:25 PM "," 3.619998 ","6/10/2016 2:26:25 PM "," 6.359995 ",""
"292"," 5.579997 ","6/10/2016 2:30:25 PM ","6/10/2016 2:32:25 PM "," 6.179996 ","6/10/2016 2:34:25 PM "," 4.559997 ","6/10/2016 2:36:25 PM "," 6.019996 ","6/10/2016 2:40:25 PM "," 3.159998 ","6/10/2016 2:42:25 PM "," 4.639997 ","6/10/2016 2:44:25 PM "," 3.739998 ","6/10/2016 2:46:25 PM "," 6.419995 ",""
"293"," 5.639997 ","6/10/2016 2:50:25 PM ","6/10/2016 2:52:25 PM "," 6.219996 ","6/10/2016 2:54:25 PM "," 4.639997 ","6/10/2016 2:56:25 PM "," 6.039996 ","6/10/2016 3:00:25 PM "," 3.159998 ","6/10/2016 3:02:25 PM "," 4.639997 ","12:00:00 AM ","0","12:00:00 AM ","0",""